代码,名称
430476,海能技术
836699,海达尔
871981,晶赛科技
872808,曙光数创
300291,百纳千成
300426,华智数媒
300499,高澜股份
688098,申联生物
300995,奇德新材
301226,祥明智能
300153,科泰电源
688519,南亚新材
300049,福瑞股份
300133,华策影视
688205,德科立
688775,影石创新
301128,强瑞技术
688603,天承科技
301123,奕东电子
688195,腾景科技
300413,芒果超媒
300810,中科海讯
300811,铂科新材
688729,屹唐股份
688313,仕佳光子
688189,南新制药
301165,锐捷网络
873223,荣亿精密
688108,赛诺医疗
300803,指南针
688448,磁谷科技
301581,黄山谷捷
301086,鸿富瀚
300767,震安科技
688261,东微半导
301560,众捷汽车
688260,昀冢科技
300609,汇纳科技
430090,同辉信息
688169,石头科技
300184,力源信息
301626,苏州天脉
300147,ST香雪
301018,申菱环境
300727,润禾材料
301161,唯万密封
688750,金天钛业
688788,科思科技
688301,奕瑞科技
835184,国源科技
300199,翰宇药业
832662,方盛股份
301235,华康洁净
688083,中望软件
300539,横河精密
832491,奥迪威
688291,金橙子
688668,鼎通科技
300375,鹏翎股份
301193,家联科技
300308,中际旭创
300814,中富电路
688486,龙迅股份
301509,金凯生科
688045,必易微
688167,炬光科技
688147,微导纳米
688035,德邦科技
873726,卓兆点胶
834021,流金科技
301095,广立微
301189,奥尼电子
688590,新致软件
300806,斯迪克
002323,雅博股份
300731,科创新源
600881,亚泰集团
688007,光峰科技
600601,方正科技
002873,新天药业
600021,上海电力
603626,科森科技
002939,长城证券
600721,百花医药
601519,大智慧
600480,凌云股份
002298,中电鑫龙
000887,中鼎股份
001202,炬申股份
600990,四创电子
603124,江南新材
600749,西藏旅游
002052,同洲电子
601609,金田股份
600737,中粮糖业
002272,川润股份
002082,万邦德
603192,汇得科技
603256,宏和科技
002674,兴业科技
000796,凯撒旅业
603516,淳中科技
603211,晋拓股份
002911,佛燃能源
000063,中兴通讯
000628,高新发展
002326,永太科技
605068,明新旭腾
600410,华胜天成
603950,长源东谷
600110,诺德股份
600111,北方稀土
001298,好上好
001400,江顺科技
002536,飞龙股份
600229,城市传媒
002158,汉钟精机
002126,银轮股份
002164,宁波东力
002645,华宏科技
002733,雄韬股份
002993,奥海科技
000062,深圳华强
603222,济民健康
603608,天创时尚
688318,财富趋势
002046,国机精工
603221,爱丽家居
603083,剑桥科技
002343,慈文传媒
002364,中恒电气
002182,宝武镁业
603320,迪贝电气
603025,大豪科技
002708,光洋股份
601798,蓝科高新
600400,红豆股份
000782,恒申新材
002396,星网锐捷
000892,欢瑞世纪
002259,升达林业
603601,再升科技
002131,利欧股份
002236,大华股份
600654,中安科
301191,菲菱科思
002851,麦格米特
688657,浩辰软件
688535,华海诚科
836807,奔朗新材
603185,弘元绿能
002267,陕天然气
301133,金钟股份
300442,润泽科技
300033,同花顺
002600,领益智造
600673,东阳光
002241,歌尔股份
301262,海看股份
601929,吉视传媒
301398,星源卓镁
301168,通灵股份
301151,冠龙节能
603158,腾龙股份
300008,天海防务
002134,天津普林
838837,华原股份
688411,海博思创
688498,源杰科技
300548,长芯博创
300588,熙菱信息
300174,元力股份
300027,华谊兄弟
688767,博拓生物
000679,大连友谊
300376,ST易事特
002518,科士达
600095,湘财股份
688371,菲沃泰
300555,ST路通
688608,恒玄科技
688737,中自科技
688662,富信科技
301231,荣信文化
603373,安邦护卫
301121,紫建电子
300835,龙磁科技
002837,英维克
301630,同宇新材
301183,东田微
600392,盛和资源
000561,烽火电子
688368,晶丰明源
600592,龙溪股份
603339,四方科技
600588,用友网络
301093,华兰股份
301003,江苏博云
600580,卧龙电驱
002807,江阴银行
603228,景旺电子
002335,科华数据
300397,天和防务
300770,新媒股份
300730,科创信息
002104,恒宝股份
603281,江瀚新材
688379,华光新材
001256,炜冈科技
688306,均普智能
688582,芯动联科
920068,天工股份
300684,中石科技
300004,南风股份
300456,赛微电子
830839,万通液压
002334,英威腾
603341,龙旗科技
837821,则成电子
603269,海鸥股份
300450,先导智能
688692,达梦数据
300037,新宙邦
600537,亿晶光电
300857,协创数据
600535,天士力
300747,锐科激光
300268,*ST佳沃
688110,东芯股份
300561,*ST汇科
000014,沙河股份
300502,新易盛
872190,雷神科技
000831,中国稀土
300602,飞荣达
601633,长城汽车
002066,瑞泰科技
833427,华维设计
688621,阳光诺和
002080,中材科技
002049,紫光国微
603067,振华股份
688053,思科瑞
300547,川环科技
688238,和元生物
688678,福立旺
002549,凯美特气
002673,西部证券
300559,佳发教育
002112,三变科技
301141,中科磁业
688088,虹软科技
688716,中研股份
301526,国际复材
600416,湘电股份
300394,天孚通信
688609,九联科技
430685,新芝生物
300620,光库科技
300916,朗特智能
688562,航天软件
873693,阿为特
001287,中电港
300843,胜蓝股份
600658,电子城
300324,旋极信息
839792,东和新材
688778,厦钨新能
300845,捷安高科
603178,圣龙股份
688172,燕东微
688372,伟测科技
300951,博硕科技
603118,共进股份
301205,联特科技
301376,致欧科技
300364,中文在线
688091,上海谊众
833509,同惠电子
300249,依米康
603679,华体科技
301590,优优绿能
002551,尚荣医疗
001267,汇绿生态
688048,长光华芯
600751,海航科技
600764,中国海防
600506,统一股份
688025,杰普特
603936,博敏电子
301419,阿莱德
688027,国盾量子
002625,光启技术
688203,海正生材
605123,派克新材
688676,金盘科技
301551,无线传媒
600933,爱柯迪
600010,包钢股份
002402,和而泰
688226,威腾电气
600292,远达环保
300322,硕贝德
300030,阳普医疗
603757,大元泵业
300647,超频三
301007,德迈仕
300695,兆丰股份
300709,精研科技
300990,同飞股份
603400,华之杰
300683,海特生物
688206,概伦电子
600329,达仁堂
688557,兰剑智能
300260,新莱应材
603002,宏昌电子
300528,幸福蓝海
002846,英联股份
605020,永和股份
430556,雅达股份
002484,江海股份
301489,思泉新材
600415,小商品城
300476,胜宏科技
688168,安博通
002141,贤丰控股
300587,天铁科技
300802,矩子科技
688256,寒武纪-U
300010,豆神教育
002676,顺威股份
300600,国瑞科技
600682,南京新百
688499,利元亨
300582,英飞特
300554,三超新材
300328,宜安科技
838402,硅烷科技
300521,爱司凯
689009,九号公司-WD
300083,创世纪
688395,正弦电气
688126,沪硅产业
000880,潍柴重机
002392,北京利尔
832225,利通科技
000727,冠捷科技
002922,伊戈尔
688613,奥精医疗
688336,三生国健
688065,凯赛生物
832089,禾昌聚合
301629,矽电股份
601777,千里科技
688184,ST帕瓦
688279,峰岹科技
300537,广信材料
601231,环旭电子
301479,弘景光电
002261,拓维信息
833284,灵鸽科技
300339,润和软件
920819,颖泰生物
000711,*ST京蓝
603101,汇嘉时代
688370,丛麟科技
688369,致远互联
300556,丝路视觉
688234,天岳先进
600330,天通股份
603171,税友股份
002354,天娱数科
002801,微光股份
603713,密尔克卫
300589,江龙船艇
600226,亨通股份
002273,水晶光电
300716,ST泉为
688319,欧林生物
603381,永臻股份
688400,凌云光
600119,长江投资
688588,凌志软件
873305,九菱科技
688326,经纬恒润-W
001395,亚联机械
600165,ST宁科
002918,蒙娜丽莎
600615,丰华股份
300453,三鑫医疗
600107,ST尔雅
002320,海峡股份
002305,*ST南置
601162,天风证券
002848,*ST高斯
688239,航宇科技
600265,ST景谷
002231,*ST奥维
600381,*ST春天
688521,芯原股份
430139,华岭股份
600421,*ST华嵘
603268,*ST松发
600366,宁波韵升
688655,迅捷兴
688022,瀚川智能
300052,ST中青宝
301469,恒达新材
603261,*ST立航
002238,天威视讯
688388,嘉元科技
300839,博汇股份
301052,果麦文化
301307,美利信
301008,宏昌科技
300909,汇创达
688717,艾罗能源
000938,紫光股份
688023,安恒信息
300252,金信诺
603021,ST华鹏
600259,广晟有色
831167,鑫汇科
300115,长盈精密
301392,汇成真空
688021,奥福科技
300666,江丰电子
000958,电投产融
003033,征和工业
002706,良信股份
688403,汇成股份
300157,新锦动力
301565,中仑新材
832876,慧为智能
688610,埃科光电
600728,佳都科技
300606,金太阳
603187,海容冷链
002256,兆新股份
300781,因赛集团
688691,灿芯股份
301288,*ST清研
002905,金逸影视
002871,伟隆股份
301217,铜冠铜箔
603383,顶点软件
603103,横店影视
001330,博纳影业
600326,西藏天路
605277,新亚电子
688183,生益电子
002759,天际股份
301607,富特科技
000810,创维数字
688656,浩欧博
600363,联创光电
688107,安路科技
301399,英特科技
300418,昆仑万维
688191,智洋创新
688127,蓝特光学
003022,联泓新科
301556,托普云农
600160,巨化股份
603305,旭升集团
002859,洁美科技
688612,威迈斯
601088,中国神华
601869,长飞光纤
002843,泰嘉股份
688469,芯联集成-U
603717,天域生物
300236,上海新阳
603388,*ST元成
002418,康盛股份
600217,中再资环
300678,中科信息
688244,永信至诚
832469,富恒新材
300496,中科创达
300752,隆利科技
002607,中公教育
688720,艾森股份
605080,浙江自然
300542,新晨科技
688077,大地熊
688227,品高股份
300553,集智股份
838275,驱动力
002823,凯中精密
603800,洪田股份
688573,信宇人
300593,新雷能
300047,天源迪科
688596,正帆科技
300175,ST朗源
688037,芯源微
688080,映翰通
300475,香农芯创
833580,科创新材
300402,宝色股份
600981,汇鸿集团
603238,诺邦股份
688111,金山办公
688472,阿特斯
300182,捷成股份
837242,建邦科技
301202,朗威股份
300460,惠伦晶体
600498,烽火通信
002429,兆驰股份
836395,朗鸿科技
000799,酒鬼酒
002741,光华科技
871694,中裕科技
300735,光弘科技
870357,雅葆轩
300454,深信服
688629,华丰科技
688262,国芯科技
688615,合合信息
301025,读客文化
300066,三川智慧
603039,泛微网络
300408,三环集团
688516,奥特维
300145,南方泵业
831526,凯华材料
603688,石英股份
688768,容知日新
836239,长虹能源
300043,星辉娱乐
835438,戈碧迦
600353,旭光电子
000801,四川九洲
603683,晶华新材
002609,捷顺科技
002657,中科金财
688593,新相微
300757,罗博特科
601199,江南水务
603160,汇顶科技
603380,易德龙
300433,蓝思科技
300441,鲍斯股份
000803,山高环能
000016,深康佳Ａ
002149,西部材料
688225,亚信安全
002221,东华能源
600732,爱旭股份
688322,奥比中光-UW
301236,软通动力
688595,芯海科技
600590,泰豪科技
300123,亚光科技
000006,深振业Ａ
300459,汤姆猫
300491,通合科技
600773,西藏城投
300093,*ST金刚
300638,广和通
300657,弘信电子
600243,*ST海华
002902,铭普光磁
600373,中文传媒
002281,光迅科技
601949,中国出版
002388,ST新亚
603322,超讯通信
300017,网宿科技
002860,星帅尔
605066,天正电气
688292,浩瀚深度
871857,泓禧科技
301632,C广建科
300059,东方财富
300738,奥飞数据
300942,易瑞生物
873833,美心翼申
831278,泰德股份
002951,金时科技
300377,赢时胜
688605,先锋精科
600640,国脉文化
300913,兆龙互连
002798,帝欧家居
002459,晶澳科技
688718,唯赛勃
870436,大地电气
688152,麒麟信安
002090,金智科技
603657,春光科技
688173,希荻微
873679,前进科技
002197,ST证通
002475,立讯精密
300705,九典制药
600456,宝钛股份
301317,鑫磊股份
688328,深科达
688003,天准科技
688020,方邦股份
301061,匠心家居
002959,小熊电器
688468,科美诊断
872374,云里物里
688636,智明达
688565,力源科技
688361,中科飞测
000070,特发信息
002819,东方中科
688556,高测股份
301085,亚康股份
688355,明志科技
002933,新兴装备
603969,银龙股份
300852,四会富仕
300003,乐普医疗
831175,派诺科技
603799,华友钴业
002176,江特电机
688337,普源精电
300520,科大国创
301096,百诚医药
688181,八亿时空
001389,广合科技
688343,云天励飞-U
300148,天舟文化
832149,利尔达
300665,飞鹿股份
603598,引力传媒
688095,福昕软件
688117,圣诺生物
002036,联创电子
300275,梅安森
300984,金沃股份
300310,宜通世纪
600771,广誉远
688011,新光光电
688553,汇宇制药-W
688220,翱捷科技-U
688377,迪威尔
301311,昆船智能
301448,开创电气
688450,光格科技
002947,恒铭达
000977,浪潮信息
601890,亚星锚链
839493,并行科技
688502,茂莱光学
831641,格利尔
002712,思美传媒
601956,东贝集团
002636,金安国纪
688579,山大地纬
301312,智立方
002634,棒杰股份
688105,诺唯赞
836263,中航泰达
600645,中源协和
688787,海天瑞声
300748,金力永磁
688728,格科微
688049,炬芯科技
002920,德赛西威
300085,银之杰
300378,鼎捷数智
834407,驰诚股份
688381,帝奥微
301387,光大同创
688089,嘉必优
300050,世纪鼎利
688076,ST诺泰
300277,海联讯
920060,万源通
300166,东方国信
688365,光云科技
430425,乐创技术
301027,华蓝集团
600481,双良节能
301382,蜂助手
301328,维峰电子
002626,金达威
002209,达 意 隆
001212,中旗新材
002456,欧菲光
688566,吉贝尔
688981,中芯国际
600080,金花股份
300503,昊志机电
301592,六九一二
837212,智新电子
605136,丽人丽妆
601908,京运通
002226,江南化工
300279,和晶科技
300604,长川科技
603533,掌阅科技
300065,海兰信
300098,高新兴
300938,信测标准
603496,恒为科技
688190,云路股份
300565,科信技术
300707,威唐工业
301032,新柴股份
688798,艾为电子
301252,同星科技
600233,圆通速递
000045,深纺织Ａ
002861,瀛通通讯
002975,博杰股份
002876,三利谱
603072,天和磁材
688419,耐科装备
600584,长电科技
688213,思特威-W
301302,华如科技
300285,国瓷材料
688571,杭华股份
300054,鼎龙股份
603210,泰鸿万立
301378,通达海
300998,宁波方正
603505,金石资源
300383,光环新网
300041,回天新材
300161,华中数控
688138,清溢光电
002291,遥望科技
688031,星环科技-U
603323,苏农银行
688072,拓荆科技
600100,同方股份
300818,耐普矿机
873576,天力复合
300088,长信科技
002577,雷柏科技
605588,冠石科技
300253,卫宁健康
837174,宏裕包材
688599,天合光能
300504,天邑股份
300883,龙利得
834261,一诺威
002664,信质集团
688013,天臣医疗
603173,福斯达
688223,晶科能源
300635,中达安
834058,华洋赛车
688332,中科蓝讯
600939,重庆建工
300058,蓝色光标
688351,微电生理
835207,众诚科技
000158,常山北明
831305,海希通讯
600744,华银电力
688800,瑞可达
301622,英思特
600208,衢州发展
300690,双一科技
000936,华西股份
601360,三六零
831768,拾比佰
002463,沪电股份
839719,宁新新材
600593,大连圣亚
002180,纳思达
603912,佳力图
003021,兆威机电
688627,精智达
688711,宏微科技
300572,安车检测
300400,劲拓股份
688561,奇安信-U
301305,朗坤科技
300689,澄天伟业
300788,中信出版
603297,永新光学
300706,阿石创
688680,海优新材
300229,拓尔思
688155,先惠技术
601339,百隆东方
870508,丰安股份
688093,世华科技
300790,宇瞳光学
688335,复洁环保
688103,国力股份
688312,燕麦科技
603189,网达软件
002565,顺灏股份
688231,隆达股份
003018,金富科技
603729,龙韵股份
600200,*ST苏吴
601599,浙文影业
835368,连城数控
600966,博汇纸业
300127,银河磁体
688300,联瑞新材
002468,申通快递
833455,汇隆活塞
601208,东材科技
600557,康缘药业
001269,欧晶科技
688757,胜科纳米
301269,华大九天
600556,天下秀
300227,光韵达
002857,三晖电气
688222,成都先导
301468,博盈特焊
836675,秉扬科技
000567,海德股份
300103,达刚控股
688598,金博股份
002338,奥普光电
603216,梦天家居
300032,金龙机电
300134,大富科技
301319,唯特偶
301138,华研精机
603191,望变电气
688511,*ST天微
300395,菲利华
430047,诺思兰德
000156,华数传媒
300988,津荣天宇
600237,铜峰电子
002185,华天科技
688353,华盛锂电
300163,先锋新材
002605,姚记科技
002855,捷荣技术
002328,新朋股份
300046,台基股份
300319,麦捷科技
600692,亚通股份
872895,花溪科技
688118,普元信息
603881,数据港
688010,福光股份
300432,富临精工
838701,豪声电子
605208,永茂泰
835857,百甲科技
872931,无锡鼎邦
000004,*ST国华
300634,彩讯股份
300654,世纪天鸿
300931,通用电梯
300598,诚迈科技
001339,智微智能
300866,安克创新
920489,佳先股份
688270,臻镭科技
002935,天奥电子
688061,灿瑞科技
000034,神州数码
603289,泰瑞机器
833575,康乐卫士
600797,浙大网新
837092,汉鑫科技
300271,华宇软件
002148,北纬科技
688162,巨一科技
301598,博科测试
002642,荣联科技
300337,银邦股份
836961,西磁科技
603933,睿能科技
688081,兴图新科
001229,魅视科技
300099,尤洛卡
002010,传化智联
833230,欧康医药
603061,金海通
002006,精工科技
603081,大丰实业
000981,山子高科
603236,移远通信
688721,龙图光罩
603882,金域医学
688786,悦安新材
600679,上海凤凰
688766,普冉股份
600178,东安动力
605218,伟时电子
002163,海南发展
300631,久吾高科
300976,达瑞电子
600845,宝信软件
002265,建设工业
300063,天龙集团
300847,中船汉光
688286,敏芯股份
002885,京泉华
688246,嘉和美康
300351,永贵电器
871263,莱赛激光
300592,华凯易佰
001335,信凯科技
300399,天利科技
301577,美信科技
688160,步科股份
300612,宣亚国际
688139,海尔生物
301281,科源制药
300510,金冠股份
688295,中复神鹰
603290,斯达半导
832651,天罡股份
600227,赤天化
600520,三佳科技
300224,正海磁材
000917,电广传媒
002292,奥飞娱乐
300251,光线传媒
834770,艾能聚
300660,江苏雷利
002471,中超控股
300366,创意信息
300458,全志科技
430198,微创光电
002368,太极股份
688663,新风光
605100,华丰股份
000670,盈方微
300170,汉得信息
002409,雅克科技
870976,视声智能
002369,卓翼科技
688131,皓元医药
430718,合肥高科
300516,久之洋
688682,霍莱沃
600577,精达股份
688333,铂力特
688018,乐鑫科技
300551,古鳌科技
601999,出版传媒
688090,瑞松科技
688420,美腾科技
002965,祥鑫科技
833075,柏星龙
300323,华灿光电
300287,飞利信
300188,国投智能
600332,白云山
300971,博亚精工
300352,北信源
002406,远东传动
688033,天宜新材
688387,信科移动-U
600405,动力源
688459,哈铁科技
600037,歌华有线
301552,科力装备
300659,中孚信息
300321,同大股份
300451,创业慧康
600050,中国联通
688396,华润微
834475,三友科技
920128,胜业电气
836414,欧普泰
300359,全通教育
600776,东方通信
300417,南华仪器
301491,汉桑科技
301501,恒鑫生活
300025,华星创业
300210,森远股份
300601,康泰生物
603220,中贝通信
003015,日久光电
832175,东方碳素
002009,天奇股份
833781,瑞奇智造
688233,神工股份
300849,锦盛新材
300016,北陆药业
836149,旭杰科技
002839,张家港行
301013,利和兴
300094,国联水产
300785,值得买
871553,凯腾精工
002633,申科股份
600072,中船科技
301345,涛涛车业
872953,国子软件
600602,云赛智联
837046,亿能电力
300256,星星科技
002978,安宁股份
839946,华阳变速
300590,移为通信
000677,恒天海龙
603976,正川股份
301383,天键股份
300419,ST浩丰
000681,视觉中国
002824,和胜股份
300195,长荣股份
601066,中信建投
831195,三祥科技
301207,华兰疫苗
000752,ST西发
688597,煜邦电力
603330,天洋新材
300290,荣科科技
603136,天目湖
300264,佳创视讯
839790,联迪信息
300029,*ST天龙
300075,数字政通
002658,雪迪龙
002576,通达动力
688525,佰维存储
836504,博迅生物
300380,安硕信息
000707,双环科技
300571,平治信息
002427,尤夫股份
688058,宝兰德
301338,凯格精机
002881,美格智能
301326,捷邦科技
830974,凯大催化
688700,东威科技
301291,明阳电气
300745,欣锐科技
300540,蜀道装备
688416,恒烁股份
603499,翔港科技
300687,赛意信息
300076,GQY视讯
300968,格林精密
300987,川网传媒
300218,安利股份
838163,方大新材
301079,邵阳液压
688303,大全能源
002981,朝阳科技
300484,蓝海华腾
300263,隆华科技
002512,达华智能
300142,沃森生物
605006,山东玻纤
603602,纵横通信
300213,佳讯飞鸿
002415,海康威视
603898,好莱客
831832,科达自控
688006,杭可科技
300853,申昊科技
688699,明微电子
688755,汉邦科技
688432,有研硅
002802,洪汇新材
300829,金丹科技
002815,崇达技术
002356,赫美集团
301388,欣灵电气
300739,明阳电路
300903,科翔股份
833346,威贸电子
300121,阳谷华泰
300624,万兴科技
301413,安培龙
832471,美邦科技
002127,南极电商
002938,鹏鼎控股
300079,数码视讯
600835,上海机电
836419,万德股份
002426,胜利精密
834950,迅安科技
603121,华培动力
301119,正强股份
601778,晶科科技
300122,智飞生物
603999,读者传媒
833751,惠同新材
603319,美湖股份
603869,ST智知
002351,漫步者
839729,永顺生物
836260,中寰股份
300467,迅游科技
300889,爱克股份
836957,汉维科技
000812,陕西金叶
002407,多氟多
002584,西陇科学
688380,中微半导
000802,北京文化
603938,三孚股份
688449,联芸科技
688503,聚和材料
603296,华勤技术
300398,飞凯材料
831855,浙江大农
002780,三夫户外
300618,寒锐钴业
300650,太龙股份
300329,海伦钢琴
870299,灿能电力
603595,东尼电子
002460,赣锋锂业
300217,东方电热
603096,新经典
301051,信濠光电
300778,新城市
000750,国海证券
002425,ST凯文
600391,航发科技
600745,闻泰科技
688339,亿华通-U
300682,朗新集团
601456,国联民生
831304,迪尔化工
301631,壹连科技
300493,润欣科技
688316,青云科技-U
430418,苏轴股份
430510,丰光精密
300805,电声股份
002056,横店东磁
603915,国茂股份
301325,曼恩斯特
003010,若羽臣
600499,科达制造
300825,阿尔特
688132,邦彦技术
002317,众生药业
301087,可孚医疗
836826,盖世食品
301056,森赫股份
002421,达实智能
300409,道氏技术
002175,东方智造
300846,首都在线
600281,华阳新材
300283,温州宏丰
600800,渤海化学
600830,香溢融通
603559,ST通脉
870726,鸿智科技
002542,中化岩土
600143,金发科技
002137,实益达
301503,智迪科技
605577,龙版传媒
688130,晶华微
002912,中新赛克
605003,众望布艺
920799,艾融软件
600603,ST广物
002506,协鑫集成
300448,浩云科技
688726,拉普拉斯
603069,海汽集团
600589,大位科技
835179,凯德石英
300427,红相股份
002331,皖通科技
300474,景嘉微
688099,晶晨股份
688113,联测科技
300244,迪安诊断
300177,中海达
603005,晶方科技
002930,宏川智慧
600184,光电股份
001283,豪鹏科技
300869,康泰医学
603859,能科科技
603959,百利科技
688601,力芯微
301559,中集环科
688549,中巨芯-U
002655,共达电声
300469,信息发展
002651,利君股份
301182,凯旺科技
688175,高凌信息
002886,沃特股份
688327,云从科技-UW
836717,瑞星股份
688551,科威尔
002467,二六三
688158,优刻得-W
603697,有友食品
300080,易成新能
300074,华平股份
831856,浩淼科技
603501,豪威集团
600864,哈投股份
688538,和辉光电-U
831834,三维装备
002194,武汉凡谷
000722,湖南发展
920005,鼎佳精密
002909,集泰股份
688119,中钢洛耐
603629,利通电子
600088,中视传媒
603500,祥和实业
837592,华信永道
601012,隆基绿能
300370,安控科技
688568,中科星图
600839,四川长虹
300710,万隆光电
871970,大禹生物
832735,德源药业
300379,*ST东通
000021,深科技
600030,中信证券
300299,富春股份
688120,华海清科
838670,恒进感应
002065,东华软件
600238,*ST椰岛
000536,华映科技
688038,中科通达
301397,溯联股份
301587,中瑞股份
870866,绿亨科技
300068,南都电源
000488,ST晨鸣
600206,有研新材
300964,本川智能
688581,安杰思
830832,齐鲁华信
603001,奥康国际
603636,南威软件
831370,新安洁
301155,海力风电
600685,中船防务
002916,深南电路
300663,科蓝软件
301089,拓新药业
688012,中微公司
301219,腾远钴业
300863,卡倍亿
688115,思林杰
000753,漳州发展
002139,拓邦股份
002663,普邦股份
688695,中创股份
300494,盛天网络
834062,科润智控
603888,新华网
000823,超声电子
600549,厦门钨业
300672,国科微
300608,思特奇
688055,龙腾光电
301031,中熔电气
688028,沃尔德
002011,盾安环境
603990,麦迪科技
300242,佳云科技
002995,天地在线
300563,神宇股份
688545,兴福电子
603655,朗博科技
002025,航天电器
838810,春光智能
835670,数字人
300887,谱尼测试
601588,北辰实业
002623,亚玛顿
002760,凤形股份
300872,天阳科技
603690,至纯科技
002130,沃尔核材
838030,德众汽车
300895,铜牛信息
688209,英集芯
600288,大恒科技
600739,辽宁成大
834415,恒拓开源
600419,天润乳业
300266,兴源环境
300543,朗科智能
605488,福莱新材
300961,深水海纳
301361,众智科技
002120,韵达股份
002181,粤 传 媒
603186,华正新材
003009,中天火箭
000420,吉林化纤
300564,筑博设计
603316,诚邦股份
300155,安居宝
688070,纵横股份
873665,科强股份
600378,昊华科技
600770,综艺股份
300447,全信股份
688618,三旺通信
688496,清越科技
605198,安德利
301315,威士顿
605358,立昂微
300270,中威电子
002445,中南文化
688602,康鹏科技
300552,万集科技
002224,三 力 士
002587,奥拓电子
688129,东来技术
603132,金徽股份
688259,创耀科技
600576,祥源文旅
600653,申华控股
603778,国晟科技
688253,英诺特
832000,安徽凤凰
603660,苏州科达
300320,海达股份
688475,萤石网络
300487,蓝晓科技
688670,金迪克
832171,志晟信息
300906,日月明
301290,东星医疗
301113,雅艺科技
000815,美利云
836720,吉冈精密
688271,联影医疗
000636,风华高科
000633,合金投资
300067,安诺其
688177,百奥泰
300708,聚灿光电
831906,舜宇精工
688212,澳华内镜
600369,西南证券
301516,中远通
835508,殷图网联
688583,思看科技
688001,华兴源创
002055,得润电子
603918,金桥信息
603519,立霸股份
601689,拓普集团
688148,芳源股份
300842,帝科股份
603359,东珠生态
300828,锐新科技
688393,安必平
920066,科拜尔
920082,方正阀门
688153,唯捷创芯
002602,ST华通
301268,铭利达
600458,时代新材
603052,可川科技
300077,国民技术
002405,四维图新
301608,博实结
600660,福耀玻璃
300479,神思电子
603300,海南华铁
000882,华联股份
301129,瑞纳智能
873703,广厦环能
300557,理工光科
688150,莱特光电
002520,日发精机
300457,赢合科技
688690,纳微科技
688533,上声电子
831396,许昌智能
688667,菱电电控
688522,纳睿雷达
833523,德瑞锂电
688409,富创精密
600452,涪陵电力
301567,贝隆精密
601921,浙版传媒
300956,英力股份
603392,万泰生物
603000,人民网
603019,中科曙光
603040,新坐标
300622,博士眼镜
300908,仲景食品
601718,际华集团
002583,海能达
688518,联赢激光
688230,芯导科技
301223,中荣股份
300576,容大感光
301102,兆讯传媒
002400,省广集团
000665,湖北广电
831152,昆工科技
301550,斯菱股份
600207,安彩高科
603358,华达科技
000826,启迪环境
300613,富瀚微
835640,富士达
301192,泰祥股份
688478,晶升股份
300168,万达信息
301636,泽润新能
920118,太湖远大
301181,标榜股份
300223,北京君正
603890,春秋电子
002929,润建股份
603518,锦泓集团
300097,ST智云
834033,康普化学
688078,龙软科技
600109,国金证券
688559,海目星
688356,键凯科技
000925,众合科技
301232,飞沃科技
301248,杰创智能
300303,聚飞光电
300365,恒华科技
688552,航天南湖
301662,宏工科技
003027,同兴科技
836871,派特尔
001230,劲旅环境
600221,海航控股
833454,同心传动
688015,交控科技
600570,恒生电子
301131,聚赛龙
300390,天华新能
002230,科大讯飞
300815,玉禾田
002882,金龙羽
600880,博瑞传播
300892,品渥食品
603068,博通集成
836247,华密新材
600176,中国巨石
600908,无锡银行
300480,光力科技
873152,天宏锂电
301263,泰恩康
600518,康美药业
002689,远大智能
002263,大东南
603998,方盛制药
603203,快克智能
000795,英洛华
600439,瑞贝卡
603088,宁波精达
603906,龙蟠科技
688777,中控技术
603758,秦安股份
002739,万达电影
600857,宁波中百
300201,海伦哲
688479,友车科技
603271,永杰新材
002730,电光科技
688758,赛分科技
002723,小崧股份
688391,钜泉科技
300925,法本信息
002897,意华股份
002581,ST未名
871642,通易航天
600707,彩虹股份
001360,南矿集团
836221,易实精密
300477,ST合纵
300340,科恒股份
300632,光莆股份
688002,睿创微纳
002248,华东数控
688036,传音控股
002184,海得控制
001225,和泰机电
000988,华工科技
300755,华致酒行
603927,中科软
002659,凯文教育
870656,海昇药业
300960,通业科技
688307,中润光学
301665,泰禾股份
300507,苏奥传感
301057,汇隆新材
830779,武汉蓝电
600929,雪天盐业
600126,杭钢股份
000513,丽珠集团
002250,联化科技
300688,创业黑马
000989,九芝堂
300578,会畅通讯
688200,华峰测控
300997,欢乐家
301177,迪阿股份
603421,鼎信通讯
688652,京仪装备
603616,韩建河山
603042,华脉科技
002596,海南瑞泽
605258,协和电子
838971,天马新材
603324,盛剑科技
300071,福石控股
300919,中伟股份
300679,电连技术
300643,万通智控
838262,太湖雪
688180,君实生物-U
300581,晨曦航空
688331,荣昌生物
301077,星华新材
871478,巨能股份
300927,江天化学
688323,瑞华泰
301339,通行宝
301255,通力科技
873806,云星宇
831961,创远信科
300095,华伍股份
601888,中国中免
301210,金杨股份
300449,汉邦高科
600936,广西广电
430300,辰光医疗
301628,强达电路
300531,优博讯
603997,继峰股份
688586,江航装备
601100,恒立液压
301265,华新环保
600460,士兰微
301282,金禄电子
000829,天音控股
000839,国安股份
600703,三安光电
301536,星宸科技
002635,安洁科技
000049,德赛电池
301171,易点天下
002416,爱施德
300777,中简科技
002192,融捷股份
300594,朗进科技
002466,天齐锂业
300316,晶盛机电
688171,纬德信息
603202,天有为
600316,洪都航空
002355,兴民智通
301458,钧崴电子
601059,信达证券
831689,克莱特
836433,大唐药业
300288,朗玛信息
833873,中设咨询
301557,常友科技
300585,奥联电子
300726,宏达电子
002910,庄园牧场
002884,凌霄泵业
300086,康芝药业
600777,*ST新潮
002279,久其软件
600825,新华传媒
000886,海南高速
301069,凯盛新材
300349,金卡智能
300623,捷捷微电
001319,铭科精技
002129,TCL中环
605555,德昌股份
301159,三维天地
600515,海南机场
300958,建工修复
301538,骏鼎达
002347,泰尔股份
300296,利亚德
603968,醋化股份
300667,必创科技
300204,舒泰神
688505,复旦张江
605180,华生科技
002449,国星光电
603266,天龙股份
301157,华塑科技
830964,润农节水
300840,酷特智能
600530,交大昂立
300851,交大思诺
301299,卓创资讯
002045,国光电器
600689,上海三毛
601858,中国科传
300045,华力创通
688207,格灵深瞳
830896,旺成科技
301499,维科精密
002841,视源股份
688229,博睿数据
603486,科沃斯
603738,泰晶科技
601996,丰林集团
836208,青矩技术
300939,秋田微
300197,节能铁汉
002115,三维通信
688277,天智航-U
920098,科隆新材
870204,沪江材料
002526,山东矿机
000877,天山股份
002470,金正大
300293,蓝英装备
603110,东方材料
601728,中国电信
300334,津膜科技
301110,青木科技
300019,硅宝科技
600977,中国电影
301633,港迪技术
300570,太辰光
600307,酒钢宏兴
600455,博通股份
300245,天玑科技
688589,力合微
300176,鸿特科技
300698,万马科技
603895,天永智能
832885,星辰科技
688163,赛伦生物
300619,金银河
833030,立方控股
688137,近岸蛋白
688249,晶合集成
603995,甬金股份
688630,芯碁微装
688536,思瑞浦
000564,供销大集
873339,恒太照明
301580,爱迪特
002603,以岭药业
300455,航天智装
300996,普联软件
002212,天融信
300921,南凌科技
873690,捷众科技
600637,东方明珠
688651,盛邦安全
920167,同享科技
300403,汉宇集团
600398,海澜之家
002957,科瑞技术
300369,绿盟科技
301178,天亿马
002514,宝馨科技
000027,深圳能源
688550,瑞联新材
001211,双枪科技
301314,科瑞思
002084,海鸥住工
600333,长春燃气
688429,时创能源
301323,新莱福
603087,甘李药业
300905,宝丽迪
300670,大烨智能
300930,屹通新材
601238,广汽集团
300597,吉大通信
688116,天奈科技
600877,电科芯片
600183,生益科技
002548,金新农
002213,大为股份
002827,高争民爆
002474,榕基软件
301618,长联科技
600735,新华锦
300740,水羊股份
600619,海立股份
835985,海泰新能
688289,圣湘生物
688297,中无人机
000029,深深房Ａ
301149,隆华新材
300150,世纪瑞尔
603137,恒尚节能
001231,农心科技
003020,立方制药
600284,浦东建设
002803,吉宏股份
300254,仟源医药
688378,奥来德
688308,欧科亿
301585,蓝宇股份
301558,三态股份
002342,巨力索具
300118,东方日升
002482,广田集团
688558,国盛智科
002949,华阳国际
300817,双飞集团
920019,铜冠矿建
002239,奥特佳
300879,大叶股份
300722,新余国科
301001,凯淳股份
832278,鹿得医疗
872541,铁大科技
300235,方直科技
430478,峆一药业
600191,华资实业
002053,云南能投
600718,东软集团
600638,新黄浦
300676,华大基因
300694,蠡湖股份
836270,天铭科技
600959,江苏有线
838924,广脉科技
603159,上海亚虹
002062,宏润建设
688383,新益昌
300212,易华录
300317,珈伟新能
688100,威胜信息
002434,万里扬
300713,英可瑞
002361,神剑股份
688488,艾迪药业
300250,初灵信息
002193,如意集团
831627,力王股份
001308,康冠科技
873527,夜光明
688359,三孚新科
300126,锐奇股份
300900,广联航空
688248,南网科技
688677,海泰新光
300109,新开源
603887,城地香江
300189,神农种业
605179,一鸣食品
688122,西部超导
603379,三美股份
002167,东方锆业
300011,鼎汉技术
600816,建元信托
300813,泰林生物
603605,珀莱雅
002264,新 华 都
300053,航宇微
301213,观想科技
688628,优利德
300443,金雷股份
301277,新天地
002970,锐明技术
301512,智信精密
603166,福达股份
688216,气派科技
002945,华林证券
300473,德尔股份
300042,朗科科技
002339,积成电子
300257,开山股份
601099,太平洋
688693,锴威特
002627,三峡旅游
300529,健帆生物
300888,稳健医疗
601868,中国能建
301021,英诺激光
002866,传艺科技
601118,海南橡胶
300410,正业科技
601969,海南矿业
603703,盛洋科技
300933,中辰股份
002559,亚威股份
301456,盘古智能
300081,恒信东方
002649,博彦科技
603077,和邦生物
603908,牧高笛
830809,安达科技
603977,国泰集团
300137,ST先河
603150,万朗磁塑
688269,凯立新材
001313,粤海饲料
688689,银河微电
836422,润普食品
300523,辰安科技
688030,山石网科
300527,ST应急
688218,江苏北人
300766,每日互动
600539,狮头股份
300795,米奥会展
301606,绿联科技
002057,中钢天源
300464,星徽股份
603026,石大胜华
301172,君逸数码
603920,世运电路
001282,三联锻造
002269,美邦服饰
832522,纳科诺尔
002718,友邦吊顶
603939,益丰药房
300292,吴通控股
300219,鸿利智汇
301348,蓝箭电子
002808,*ST恒久
301589,诺瓦星云
600099,林海股份
688079,美迪凯
603366,日出东方
833914,远航精密
600875,东方电气
688082,盛美上海
300490,华自科技
002289,*ST宇顺
002222,福晶科技
603085,天成自控
600114,东睦股份
301139,元道通信
837023,芭薇股份
688056,莱伯泰科
603819,神力股份
688125,安达智能
832023,田野股份
601900,南方传媒
300975,商络电子
300230,永利股份
301360,荣旗科技
600198,大唐电信
002594,比亚迪
003017,大洋生物
000558,天府文旅
600851,海欣股份
000811,冰轮环境
600610,中毅达
002299,圣农发展
002786,银宝山新
688366,昊海生科
300248,新开普
834014,特瑞斯
002156,通富微电
688425,铁建重工
000609,ST中迪
688299,长阳科技
605058,澳弘电子
300859,西域旅游
002757,南兴股份
000538,云南白药
000559,万向钱潮
301381,赛维时代
301428,世纪恒通
301313,凡拓数创
002183,怡 亚 通
002169,智光电气
000010,美丽生态
002315,焦点科技
002926,华西证券
300036,超图软件
300239,东宝生物
001203,大中矿业
002376,新北洋
603825,华扬联众
000565,渝三峡Ａ
688305,科德数控
603628,清源股份
603230,内蒙新华
603399,永杉锂业
603861,白云电器
600996,贵广网络
000911,广农糖业
300353,东土科技
600320,振华重工
600892,*ST大晟
833394,民士达
000078,海王生物
688620,安凯微
002952,亚世光电
600727,鲁北化工
002654,万润科技
603970,中农立华
603569,长久物流
301012,扬电科技
301272,英华特
301106,骏成科技
300928,华安鑫创
873593,鼎智科技
000007,全新好
601375,中原证券
002048,宁波华翔
301522,上大股份
300489,光智科技
300671,富满微
301072,中捷精工
300485,赛升药业
002495,佳隆股份
600980,北矿科技
300179,四方达
603391,力聚热能
002709,天赐材料
833533,骏创科技
600579,中化装备
002228,合兴包装
836547,无锡晶海
300466,赛摩智能
300626,华瑞股份
301043,绿岛风
600071,凤凰光学
600163,中闽能源
688709,成都华微
603956,威派格
003001,中岩大地
300393,中来股份
002371,北方华创
002079,苏州固锝
300628,亿联网络
601995,中金公司
300357,我武生物
301266,宇邦新材
300827,上能电气
600356,恒丰纸业
301393,昊帆生物
000797,中国武夷
000922,佳电股份
301101,明月镜片
001323,慕思股份
001314,亿道信息
688681,科汇股份
830879,基康技术
300131,英唐智控
600482,中国动力
002681,奋达科技
833943,优机股份
603983,丸美生物
301321,翰博高新
688560,明冠新材
002985,北摩高科
603138,海量数据
002599,盛通股份
688458,美芯晟
688367,工大高科
300936,中英科技
601528,瑞丰银行
603051,鹿山新材
300729,乐歌股份
688611,杭州柯林
002979,雷赛智能
002707,众信旅游
301578,辰奕智能
300026,红日药业
002216,三全食品
002735,王子新材
301152,天力锂能
301421,波长光电
000788,北大医药
300821,东岳硅材
600527,江南高纤
002313,日海智能
002795,永和智控
837344,三元基因
002956,西麦食品
300255,常山药业
603070,万控智造
300110,华仁药业
300478,杭州高新
873167,新赣江
920007,酉立智能
688772,珠海冠宇
600303,曙光股份
600318,新力金融
300100,双林股份
603858,步长制药
002397,梦洁股份
300982,苏文电能
301278,快可电子
300831,派瑞股份
000972,*ST中基
301603,乔锋智能
605500,森林包装
300999,金龙鱼
301329,信音电子
603327,福蓉科技
002528,ST英飞拓
600578,京能电力
300215,电科院
300181,佐力药业
600157,永泰能源
430017,星昊医药
300615,欣天科技
688051,佳华科技
300965,恒宇信通
301276,嘉曼服饰
300162,雷曼光电
603257,中国瑞林
300203,聚光科技
300144,宋城演艺
002797,第一创业
000555,神州信息
300768,迪普科技
688123,聚辰股份
002168,*ST惠程
688357,建龙微纳
002575,群兴玩具
300278,华昌达
002205,国统股份
002465,海格通信
002805,丰元股份
600389,江山股份
871245,威博液压
601766,中国中车
301162,国能日新
603006,联明股份
300991,创益通
600706,曲江文旅
688426,康为世纪
000638,*ST万方
603183,建研院
300012,华测检测
600156,华升股份
301050,雷电微力
000686,东北证券
301122,采纳股份
603988,中电电机
002050,三花智控
000530,冰山冷热
601860,紫金银行
300983,尤安设计
603139,康惠制药
600408,安泰集团
688165,埃夫特-U
300786,国林科技
605122,四方新材
002151,北斗星通
835892,中科美菱
000061,农 产 品
600756,浪潮软件
300525,博思软件
002666,德联集团
603270,金帝股份
300335,迪森股份
688047,龙芯中科
688085,三友医疗
000617,中油资本
688315,诺禾致源
603583,捷昌驱动
300640,德艺文创
300783,三只松鼠
300269,联建光电
002037,保利联合
300272,开能健康
300040,九洲集团
002412,汉森制药
300661,圣邦股份
300858,科拓生物
301090,华润材料
300241,瑞丰光电
600661,昂立教育
603378,亚士创能
300092,科新机电
688435,英方软件
600379,宝光股份
002240,盛新锂能
920008,成电光信
000100,TCL科技
600869,远东股份
300196,长海股份
000610,西安旅游
300173,福能东方
300207,欣旺达
600022,山东钢铁
301310,鑫宏业
000592,平潭发展
603066,音飞储存
002656,*ST摩登
002638,勤上股份
603329,上海雅仕
603685,晨丰科技
603678,火炬电子
300957,贝泰妮
300575,中旗股份
600999,招商证券
688358,祥生医疗
002862,实丰文化
002724,海洋王
301487,盟固利
688320,禾川科技
000059,华锦股份
300185,通裕重工
601881,中国银河
000758,中色股份
002519,银河电子
600715,文投控股
300513,恒实科技
002646,天佑德酒
600778,友好集团
300949,奥雅股份
688068,热景生物
300276,三丰智能
300560,中富通
300890,翔丰华
603353,和顺石油
300812,易天股份
300603,立昂技术
688201,信安世纪
002766,索菱股份
000533,顺钠股份
002725,跃岭股份
000058,深 赛 格
601377,兴业证券
002284,亚太股份
837403,康农种业
603466,风语筑
300192,科德教育
688275,万润新能
688267,中触媒
688485,九州一轨
301275,汉朔科技
688219,会通股份
603986,兆易创新
688247,宣泰医药
601669,中国电建
603721,*ST天择
601019,山东出版
002616,长青集团
601801,皖新传媒
600186,莲花控股
600536,中国软件
300301,ST长方
000930,中粮科技
603328,依顿电子
001388,信通电子
920099,瑞华技术
002319,乐通股份
300423,昇辉科技
688133,泰坦科技
601615,明阳智能
002617,露笑科技
002983,芯瑞达
300354,东华测试
002953,日丰股份
833171,国航远洋
603722,阿科力
300286,安科瑞
600884,杉杉股份
603517,绝味食品
600903,贵州燃气
603218,日月股份
600562,国睿科技
838171,邦德股份
001896,豫能控股
002441,众业达
300500,启迪设计
688509,正元地信
300534,陇神戎发
000948,南天信息
603015,弘讯科技
002063,远光软件
003026,中晶科技
920029,开发科技
300302,同有科技
301215,中汽股份
002283,天润工业
600893,航发动力
603386,骏亚科技
301169,零点有数
300664,鹏鹞环保
300797,钢研纳克
601865,福莱特
301016,雷尔伟
300136,信维通信
301030,仕净科技
600196,复星医药
002021,中捷资源
600054,黄山旅游
837006,晟楠科技
300069,金利华电
000978,桂林旅游
301571,国科天成
603194,中力股份
000050,深天马Ａ
002229,鸿博股份
300412,迦南科技
002122,汇洲智能
688232,新点软件
603038,华立股份
000697,ST炼石
920111,聚星科技
600179,安通控股
603613,国联股份
000762,西藏矿业
601618,中国中冶
605366,宏柏新材
000031,大悦城
920682,球冠电缆
301195,北路智控
300627,华测导航
300868,杰美特
001279,强邦新材
300424,航新科技
603028,赛福天
002535,林州重机
000710,贝瑞基因
300545,联得装备
300211,*ST亿通
301566,达利凯普
603351,威尔药业
000833,粤桂股份
300947,德必集团
300616,尚品宅配
301083,百胜智能
600818,中路股份
002119,康强电子
002892,科力尔
603826,坤彩科技
300719,安达维尔
603893,瑞芯微
301395,仁信新材
301256,华融化学
603577,汇金通
600733,北汽蓝谷
002031,巨轮智能
600540,新赛股份
300386,飞天诚信
600396,华电辽能
002849,威星智能
301595,太力科技
688616,西力科技
300787,海能实业
301238,瑞泰新材
000020,深华发Ａ
301185,鸥玛软件
600131,国网信通
601116,三江购物
301251,威尔高
601607,上海医药
600249,XD两面针
002527,新时达
603336,宏辉果蔬
300128,锦富技术
002309,中利集团
001359,平安电工
300031,宝通科技
002436,兴森科技
002337,赛象科技
300973,立高食品
603883,老百姓
603728,鸣志电器
688121,卓然股份
603719,良品铺子
300980,祥源新材
003030,祖名股份
301601,惠通科技
300541,先进数通
688196,卓越新能
300034,钢研高纳
688529,豪森智能
000962,东方钽业
002123,梦网科技
300871,回盛生物
603700,宁水集团
301111,粤万年青
688330,宏力达
600509,天富能源
300972,万辰集团
002410,广联达
301058,中粮科工
836892,广咨国际
301337,亚华电子
603817,海峡环保
301591,肯特股份
300823,建科智能
002586,*ST围海
600551,时代出版
603105,芯能科技
002544,普天科技
603809,豪能股份
002639,雪人集团
300681,英搏尔
002196,方正电机
002165,红 宝 丽
301279,金道科技
600760,中航沈飞
002777,久远银海
600162,香江控股
300444,双杰电气
002550,千红制药
001260,坤泰股份
000524,岭南控股
688696,极米科技
002494,华斯股份
600862,中航高科
605398,新炬网络
300018,中元股份
300605,恒锋信息
300830,金现代
600906,财达证券
601901,方正证券
002702,海欣食品
300784,利安科技
603375,盛景微
600753,*ST海钦
603966,法兰泰克
301000,肇民科技
300220,金运激光
603759,海天股份
603082,北自科技
300389,艾比森
301048,金鹰重工
002439,启明星辰
000935,四川双马
688439,振华风光
600155,华创云信
001696,宗申动力
688584,上海合晶
002453,华软科技
300662,科锐国际
300595,欧普康视
002761,浙江建投
603843,*ST正平
002255,海陆重工
300154,瑞凌股份
600171,上海贝岭
301071,力量钻石
688517,金冠电气
688489,三未信安
601990,南京证券
002074,国轩高科
871634,新威凌
601878,浙商证券
688591,泰凌微
605056,咸亨国际
301602,超研股份
002729,好利科技
300948,冠中生态
301373,凌玮科技
301201,诚达药业
603488,展鹏科技
300072,海新能科
300693,盛弘股份
300382,斯莱克
835237,力佳科技
000720,新能泰山
002817,黄山胶囊
603170,宝立食品
603232,格尔软件
301355,南王科技
301063,海锅股份
301293,三博脑科
300583,赛托生物
000820,*ST节能
300923,研奥股份
300567,精测电子
688530,欧莱新材
003031,中瓷电子
002547,春兴精工
603567,珍宝岛
000635,英 力 特
002245,蔚蓝锂芯
301153,中科江南
600128,苏豪弘业
002344,海宁皮城
002398,垒知集团
601211,国泰海通
301088,戎美股份
002555,三七互娱
000735,罗 牛 山
000676,智度股份
600801,华新水泥
300711,广哈通信
002190,成飞集成
834639,晨光电缆
600390,五矿资本
301368,丰立智能
605086,龙高股份
688659,元琛科技
301508,中机认检
688576,西山科技
002888,惠威科技
002826,易明医药
300073,当升科技
002374,中锐股份
601198,东兴证券
002560,通达股份
002758,浙农股份
301041,金百泽
300265,通光线缆
000608,*ST阳光
000607,华媒控股
871396,常辅股份
002968,新大正
300782,卓胜微
300820,英杰电气
002218,拓日新能
002917,金奥博
600335,国机汽车
688296,和达科技
002524,光正眼科
835185,贝特瑞
000011,深物业A
300014,亿纬锂能
300055,万邦达
002413,雷科防务
688375,国博电子
000821,京山轻机
832566,梓橦宫
000166,申万宏源
300461,田中精机
603536,惠发食品
002106,莱宝高科
300899,*ST凯鑫
002977,天箭科技
300549,优德精密
300231,银信科技
000066,中国长城
688685,迈信林
000869,张  裕Ａ
601133,柏诚股份
300530,领湃科技
300497,富祥药业
300015,爱尔眼科
300333,兆日科技
603016,新宏泰
301059,金三江
002329,皇氏集团
300214,日科化学
600152,维科技术
300259,新天科技
603099,长白山
300152,ST新动力
300331,苏大维格
002448,中原内配
000985,大庆华科
301112,信邦智能
002306,*ST云网
300915,海融科技
002903,宇环数控
002991,甘源食品
002144,宏达高科
688362,甬矽电子
601933,永辉超市
605589,圣泉集团
301011,华立科技
002373,千方科技
300894,火星人
002580,圣阳股份
688102,斯瑞新材
002132,恒星科技
300568,星源材质
002497,雅化集团
600370,三房巷
000008,神州高铁
688456,有研粉材
300096,ST易联众
002554,惠博普
600617,国新能源
603307,扬州金泉
601616,广电电气
600757,长江传媒
601788,光大证券
002703,浙江世宝
300566,激智科技
600490,鹏欣资源
688019,安集科技
300057,万顺新材
832110,雷特科技
603880,南卫股份
002077,大港股份
300532,今天国际
000848,承德露露
603917,合力科技
002428,云南锗业
600278,东方创业
600529,山东药玻
001391,国货航
002678,珠江钢琴
601333,广深铁路
002179,中航光电
600422,昆药集团
000756,新华制药
603355,莱克电气
688575,亚辉龙
300463,迈克生物
301078,孩子王
603958,哈森股份
300381,溢多利
300446,航天智造
301211,亨迪药业
300791,仙乐健康
301246,宏源药业
002877,智能自控
300438,鹏辉能源
300200,高盟新材
001296,长江材料
000990,诚志股份
300935,盈建科
600796,钱江生化
002962,五方光电
000702,正虹科技
688211,中科微至
600609,金杯汽车
301439,泓淋电力
601106,中国一重
688373,盟科药业-U
003037,三和管桩
603258,电魂网络
688512,慧智微-U
003006,百亚股份
600315,上海家化
000532,华金资本
600438,通威股份
300920,润阳科技
002836,新宏泽
600337,美克家居
002768,国恩股份
600287,江苏舜天
002589,瑞康医药
300686,智动力
301198,喜悦智行
301118,恒光股份
002692,远程股份
002698,博实股份
002907,华森制药
000767,晋控电力
002107,沃华医药
000726,鲁  泰Ａ
002424,贵州百灵
002030,达安基因
600702,舍得酒业
300315,掌趣科技
000678,襄阳轴承
600765,中航重机
603928,兴业股份
300518,新迅达
003016,欣贺股份
000701,厦门信达
002963,豪尔赛
002865,钧达股份
603630,拉芳家化
603666,亿嘉和
002242,九阳股份
603027,千禾味业
002232,启明信息
000550,江铃汽车
603108,润达医疗
688363,华熙生物
603982,泉峰汽车
002159,三特索道
300937,药易购
300437,清水源
300087,荃银高科
301042,安联锐视
603288,海天味业
688507,索辰科技
600993,马应龙
300898,熊猫乳品
301108,洁雅股份
002268,电科网安
832419,路斯股份
300865,大宏立
600038,中直股份
300084,海默科技
831010,凯添燃气
603515,欧普照明
301197,工大科雅
000025,特  力Ａ
000899,赣能股份
688179,阿拉丁
603931,格林达
600624,复旦复华
300656,民德电子
002515,金字火腿
002936,郑州银行
002825,纳尔股份
600608,*ST沪科
002203,海亮股份
001266,宏英智能
301260,格力博
002591,恒大高新
688710,益诺思
002919,名臣健康
002829,星网宇达
601608,中信重工
600388,龙净环保
002632,道明光学
600250,南京商旅
873570,坤博精工
002103,广博股份
600223,福瑞达
300669,沪宁股份
002747,埃斯顿
300221,银禧科技
002322,理工能科
688334,西高院
603406,天富龙
600173,卧龙新能
601279,英利汽车
600543,莫高股份
300989,蕾奥规划
688653,康希通信
600436,片仔癀
002363,隆基机械
300429,强力新材
002620,ST瑞和
871753,天纺标
600824,益民集团
301132,满坤科技
301548,崇德科技
301082,久盛电气
603382,海阳科技
301359,东南电子
000531,穗恒运Ａ
300861,美畅股份
000969,安泰科技
000950,重药控股
603633,徕木股份
600819,耀皮玻璃
600085,同仁堂
300169,天晟新材
300346,南大光电
301297,富乐德
600671,天目药业
300141,和顺电气
600195,中牧股份
603048,浙江黎明
002091,江苏国泰
600807,济高发展
600854,春兰股份
605388,均瑶健康
835579,机科股份
603348,文灿股份
300876,蒙泰高新
300648,星云股份
301380,挖金客
600763,通策医疗
300793,佳禾智能
300832,新产业
600909,华安证券
000516,国际医学
000035,中国天楹
301609,山大电力
002790,瑞尔特
002683,广东宏大
873001,纬达光电
301286,侨源股份
603659,璞泰来
300644,南京聚隆
300979,华利集团
603689,皖天然气
832978,开特股份
603199,九华旅游
600887,伊利股份
600425,青松建化
002500,山西证券
300135,宝利国际
600725,云维股份
600055,万东医疗
600876,凯盛新能
301519,舜禹股份
603662,柯力传感
301105,鸿铭股份
605259,绿田机械
002679,福建金森
001390,古麒绒材
000995,皇台酒业
688257,新锐股份
601991,大唐发电
300481,濮阳惠成
603866,桃李面包
600372,中航机载
000593,德龙汇能
688697,纽威数控
300798,锦鸡股份
000987,越秀资本
300836,佰奥智能
603206,嘉环科技
601698,中国卫通
000514,渝 开 发
000718,苏宁环球
002073,软控股份
002276,万马股份
605266,健之佳
600386,北巴传媒
600774,汉商集团
301258,富士莱
600428,中远海特
605199,ST葫芦娃
601390,中国中铁
600103,青山纸业
603345,安井食品
600973,宝胜股份
600312,平高电气
002219,新里程
002188,中天服务
000868,安凯客车
600613,神奇制药
300756,金马游乐
688385,复旦微电
301068,大地海洋
000738,航发控制
301060,兰卫医学
300750,宁德时代
300621,维业股份
600053,九鼎投资
603041,美思德
000626,远大控股
300970,华绿生物
301115,联检科技
600917,重庆燃气
300838,浙江力诺
603730,岱美股份
002612,朗姿股份
601500,通用股份
300641,正丹股份
300439,美康生物
603262,技源集团
002419,天虹股份
300978,东箭科技
600271,航天信息
605318,法狮龙
002266,浙富控股
300387,富邦科技
000570,苏常柴Ａ
002345,潮宏基
001333,光华股份
002389,航天彩虹
000625,长安汽车
603369,今世缘
002682,龙洲股份
603896,寿仙谷
002570,贝因美
836077,吉林碳谷
002999,天禾股份
300421,力星股份
601236,红塔证券
688280,精进电动-UW
688779,五矿新能
688513,苑东生物
002719,麦趣尔
601015,陕西黑猫
600918,中泰证券
002813,路畅科技
002215,诺 普 信
301330,熵基科技
600467,好当家
601700,风范股份
688348,昱能科技
603696,安记食品
000503,国新健康
002662,峰璟股份
688069,德林海
600759,洲际油气
601658,邮储银行
600285,羚锐制药
300106,西部牧业
688268,华特气体
002782,可立克
002285,世联行
603408,建霖家居
001387,雪祺电气
000980,众泰汽车
301285,鸿日达
688352,颀中科技
301418,协昌科技
605151,西上海
002864,盘龙药业
002789,*ST建艺
300673,佩蒂股份
600241,时代万恒
688329,艾隆科技
300371,汇中股份
838227,美登科技
601038,一拖股份
688508,芯朋微
600215,派斯林
000655,金岭矿业
003003,天元股份
603779,威龙股份
600138,中青旅
603580,*ST艾艾
601108,财通证券
001227,兰州银行
301103,何氏眼科
301486,致尚科技
600089,特变电工
300721,怡达股份
300955,嘉亨家化
002593,日上集团
002853,皮阿诺
688531,日联科技
301199,迈赫股份
601368,绿城水务
600935,华塑股份
603529,爱玛科技
603267,鸿远电子
002408,齐翔腾达
300994,久祺股份
600754,锦江酒店
002023,海特高新
920445,龙竹科技
301220,亚香股份
301353,普莱得
300759,康龙化成
300051,琏升科技
600928,西安银行
301507,民生健康
688060,云涌科技
000566,海南海药
002297,博云新材
600522,中天科技
301367,瑞迈特
300024,机器人
600235,民丰特纸
300962,中金辐照
603396,金辰股份
688687,凯因科技
301116,益客食品
002227,奥 特 迅
000733,振华科技
002446,盛路通信
001382,新亚电缆
002845,同兴达
002756,永兴材料
688075,安旭生物
000017,深中华A
000155,川能动力
605089,味知香
834599,同力股份
000712,锦龙股份
002899,英派斯
872351,华光源海
300580,贝斯特
000875,吉电股份
688528,秦川物联
688112,鼎阳科技
301180,万祥科技
301066,万事利
601010,文峰股份
300416,苏试试验
301218,华是科技
300769,德方纳米
603123,翠微股份
300120,经纬辉开
301148,嘉戎技术
300140,节能环境
001209,洪兴股份
603078,江化微
002661,克明食品
002640,跨境通
000768,中航西飞
603233,大参林
002102,能特科技
000601,韶能股份
600199,金种子酒
000421,南京公用
603326,我乐家居
002296,辉煌科技
920108,宏海科技
002101,广东鸿图
002765,蓝黛科技
002573,清新环境
300307,慈星股份
688543,国科军工
603120,肯特催化
605287,德才股份
003032,*ST传智
002946,新乳业
300187,永清环保
301568,思泰克
300896,爱美客
300881,盛德鑫泰
301176,逸豪新材
600998,九州通
002863,今飞凯达
688032,禾迈股份
300332,天壕能源
603156,养元饮品
600166,福田汽车
605098,行动教育
002333,罗普斯金
600009,上海机场
301498,乖宝宠物
603032,德新科技
603409,汇通控股
300267,尔康制药
600444,国机通用
002598,山东章鼓
002644,佛慈制药
600371,万向德农
688005,容百科技
603315,福鞍股份
300107,建新股份
600257,大湖股份
000921,海信家电
300940,南极光
603773,沃格光电
603677,奇精机械
000952,广济药业
301298,东利机械
300341,麦克奥迪
603043,广州酒家
605567,春雪食品
002189,中光学
002191,劲嘉股份
688009,中国通号
603318,水发燃气
000698,沈阳化工
300774,倍杰特
600829,人民同泰
600868,梅雁吉祥
301658,首航新能
300425,中建环能
300411,金盾股份
002486,嘉麟杰
600686,金龙汽车
300992,泰福泵业
300305,裕兴股份
002800,天顺股份
000927,中国铁物
002726,龙大美食
688309,恒誉环保
688567,孚能科技
300044,ST赛为
688360,德马科技
600667,太极实业
002172,澳洋健康
000790,华神科技
000573,粤宏远Ａ
300436,广生堂
688338,赛科希德
300966,共同药业
000862,银星能源
000876,新 希 望
603200,上海洗霸
300327,中颖电子
300950,德固特
300943,春晖智控
002566,益盛药业
603115,海星股份
000973,佛塑科技
833266,生物谷
002173,创新医疗
300629,新劲刚
000544,中原环保
002157,正邦科技
002312,川发龙蟒
301049,超越科技
002352,顺丰控股
002366,融发核电
300488,恒锋工具
301006,迈拓股份
688686,奥普特
601827,三峰环境
601577,长沙银行
301126,达嘉维康
601919,中远海控
000919,金陵药业
600815,厦工股份
300289,利德曼
002302,西部建设
600559,老白干酒
301488,豪恩汽电
600495,晋西车轴
002561,徐家汇
600252,中恒集团
300929,华骐环保
002769,普路通
002574,明牌珠宝
000151,中成股份
301017,漱玉平民
600597,光明乳业
002301,齐心集团
301023,江南奕帆
601975,招商南油
301295,美硕科技
300522,世名科技
600585,海螺水泥
300022,吉峰科技
688217,睿昂基因
600955,维远股份
301611,珂玛科技
603279,景津装备
301520,万邦医药
000159,国际实业
605336,帅丰电器
300483,首华燃气
603607,京华激光
002793,罗欣药业
600995,南网储能
300091,金通灵
600872,中炬高新
601828,美凯龙
300674,宇信科技
002955,鸿合科技
603967,中创物流
600202,哈空调
688382,益方生物-U
300675,建科院
688466,金科环境
001309,德明利
688182,灿勤科技
300206,理邦仪器
300655,晶瑞电材
603360,百傲化学
000597,东北制药
000785,居然智家
688251,井松智能
688282,理工导航
600528,中铁工业
300762,上海瀚讯
300751,迈为股份
002928,华夏航空
603212,赛伍技术
605186,健麾信息
603053,成都燃气
603208,江山欧派
300816,艾可蓝
002722,物产金轮
688281,华秦科技
300780,德恩精工
301510,固高科技
002384,东山精密
600795,国电电力
601005,重庆钢铁
000572,海马汽车
300607,拓斯达
688188,柏楚电子
600187,国中水务
002033,丽江股份
688071,华依科技
002727,一心堂
000652,泰达股份
600158,中体产业
600581,八一钢铁
600180,瑞茂通
000856,冀东装备
000661,长春高新
600722,金牛化工
001289,龙源电力
001215,千味央厨
601877,正泰电器
600075,新疆天业
300668,杰恩设计
605088,冠盛股份
600622,光大嘉宝
601136,首创证券
300775,三角防务
601007,金陵饭店
002608,江苏国信
301333,诺思格
603708,家家悦
603739,蔚蓝生物
301091,深城交
601016,节能风电
300850,新强联
002152,广电运通
600478,科力远
000728,国元证券
002004,华邦健康
002015,协鑫能科
002458,益生股份
603839,安正时尚
000723,美锦能源
301028,东亚机械
830946,森萱医药
002403,爱仕达
831726,朱老六
300482,万孚生物
002349,精华制药
000596,古井贡酒
688310,迈得医疗
300160,秀强股份
000850,华茂股份
601366,利群股份
002743,富煌钢构
002728,特一药业
300247,融捷健康
920016,中草香料
300715,凯伦股份
301206,三元生物
000818,航锦科技
603169,兰石重装
002883,中设股份
603128,华贸物流
000816,智慧农业
002262,恩华药业
002377,国创高新
600697,欧亚集团
601997,贵阳银行
301371,敷尔佳
601158,重庆水务
600216,浙江医药
300733,西菱动力
003042,中农联合
603049,中策橡胶
001278,一彬科技
300112,万讯自控
002019,亿帆医药
002832,比音勒芬
601636,旗滨集团
600831,ST广网
000860,顺鑫农业
300701,森霸传感
601512,中新集团
688484,南芯科技
000881,中广核技
600975,新五丰
001218,丽臣实业
001234,泰慕士
600305,恒顺醋业
301386,未来电器
003038,鑫铂股份
300318,博晖创新
600861,北京人力
600168,武汉控股
873169,七丰精工
000620,盈新发展
600847,万里股份
300222,科大智能
000400,许继电气
002186,全 聚 德
300804,广康生化
603275,众辰科技
600380,健康元
601880,辽港股份
002812,恩捷股份
603395,红四方
002038,双鹭药业
688097,博众精工
605018,长华集团
601156,东航物流
002992,宝明科技
000858,五 粮 液
601179,中国西电
000639,西王食品
301156,美农生物
300228,富瑞特装
000523,红棉股份
002496,*ST辉丰
688350,富淼科技
300350,华鹏飞
603588,高能环境
301586,佳力奇
600783,鲁信创投
001356,富岭股份
603985,恒润股份
001358,兴欣新材
603004,鼎龙科技
300006,莱美药业
603111,康尼机电
600354,敦煌种业
601326,秦港股份
601399,国机重装
301390,经纬股份
002507,涪陵榨菜
603650,彤程新材
600621,华鑫股份
000595,*ST宝实
300149,睿智医药
600644,乐山电力
605338,巴比食品
000599,青岛双星
000955,欣龙控股
002878,元隆雅图
002927,泰永长征
600965,福成股份
301349,信德新材
000509,华塑控股
688063,派能科技
300171,东富龙
300240,飞力达
300124,汇川技术
000099,中信海直
601968,宝钢包装
002457,青龙管业
001326,联域股份
688570,天玛智控
002668,TCL智家
002522,浙江众成
688046,药康生物
688526,科前生物
301539,宏鑫科技
600339,中油工程
002932,明德生物
603978,深圳新星
002140,东华科技
002174,游族网络
301047,义翘神州
688288,鸿泉物联
002243,力合科创
600449,宁夏建材
603291,联合水务
600822,上海物贸
603578,三星新材
301158,德石股份
600057,厦门象屿
000800,一汽解放
300741,华宝股份
000859,国风新材
688252,天德钰
002109,兴化股份
002677,浙江美大
002984,森麒麟
605033,美邦股份
601126,四方股份
000546,金圆股份
300699,光威复材
600834,申通地铁
603325,博隆技术
301070,开勒股份
301273,瑞晨环保
000407,胜利股份
002383,合众思壮
603822,嘉澳环保
600550,保变电气
688563,航材股份
688523,航天环宇
688386,泛亚微透
002767,先锋电子
002498,汉缆股份
603718,海利生物
000605,渤海股份
000415,渤海租赁
603609,禾丰股份
603806,福斯特
839371,欧福蛋业
002178,延华智能
002763,汇洁股份
002358,森源电气
002481,双塔食品
603663,三祥新材
001322,箭牌家居
605008,长鸿高科
300422,博世科
601789,宁波建工
300233,金城医药
300404,博济医药
688638,誉辰智能
603768,常青股份
300911,亿田智能
603916,苏博特
002295,精艺股份
688285,高铁电气
605389,长龄液压
001380,华纬科技
001366,播恩集团
600694,大商股份
688202,美迪西
000931,中 关 村
688092,爱科科技
002003,伟星股份
000623,吉林敖东
002432,九安医疗
600423,柳化股份
002044,美年健康
300854,中兰环保
300172,中电环保
002452,长高电新
600628,新世界
300295,三六五网
688004,博汇科技
600097,开创国际
601611,中国核建
301267,华厦眼科
603980,吉华集团
600616,金枫酒业
300061,旗天科技
603285,键邦股份
300062,中能电气
000563,陕国投Ａ
600790,轻纺城
600403,大有能源
600606,绿地控股
002024,ST易购
301335,天元宠物
001306,夏厦精密
873122,中纺标
300345,华民股份
688739,成大生物
600889,南京化纤
002098,浔兴股份
600060,海信视像
600655,豫园股份
002606,大连电瓷
300760,迈瑞医疗
300190,维尔利
002852,道道全
605365,立达信
600135,乐凯胶片
688084,晶品特装
300611,美力科技
002108,沧州明珠
300306,远方信息
603237,五芳斋
000517,荣安地产
600734,实达集团
605001,威奥股份
002393,力生制药
301446,福事特
605108,同庆楼
300284,苏交科
601003,柳钢股份
300508,维宏股份
001288,运机集团
002856,美芝股份
600664,哈药股份
600859,王府井
300261,雅本化学
001376,百通能源
600750,江中药业
002869,金溢科技
600779,水井坊
002249,大洋电机
300132,青松股份
003039,顺控发展
301379,天山电子
600500,中化国际
601083,锦江航运
000529,广弘控股
603682,锦和商管
600962,国投中鲁
002806,华锋股份
603029,天鹅股份
002809,红墙股份
002490,山东墨龙
301208,中亦科技
002195,岩山科技
002530,金财互联
600505,西昌电力
605007,五洲特纸
002590,万安科技
600809,山西汾酒
300501,海顺新材
600599,*ST熊猫
603332,苏州龙杰
688298,东方生物
600635,大众公用
000777,中核科技
301289,国缆检测
300294,博雅生物
600620,天宸股份
301230,泓博医药
300405,科隆股份
600476,湘邮科技
300746,汉嘉设计
603877,太平鸟
603190,亚通精工
839273,一致魔芋
001226,拓山重工
600345,长江通信
002385,大北农
000637,茂化实华
301170,锡南科技
300946,恒而达
002069,獐子岛
301588,美新科技
002840,华统股份
300649,杭州园林
300384,三联虹普
300258,精锻科技
002732,燕塘乳业
300486,东杰智能
002691,冀凯股份
600905,三峡能源
600035,楚天高速
603231,索宝蛋白
600641,万业企业
688106,金宏气体
688776,国光电气
000792,盐湖股份
688101,三达膜
002746,仙坛股份
000837,秦川机床
600343,航天动力
603151,邦基科技
600630,龙头股份
600636,*ST国化
605128,上海沿浦
002135,东南网架
002792,通宇通讯
688622,禾信仪器
002067,景兴纸业
002035,华帝股份
603387,基蛋生物
001332,锡装股份
688410,山外山
002423,中粮资本
301120,新特电气
603511,爱慕股份
002404,嘉欣丝绸
002340,格林美
603198,迎驾贡酒
601928,凤凰传媒
600468,百利电气
603810,丰山集团
300355,蒙草生态
603073,彩蝶实业
600879,航天电子
600298,安琪酵母
603600,永艺股份
002980,华盛昌
300180,华峰超纤
002332,仙琚制药
688185,康希诺
600794,保税科技
000663,永安林业
002455,百川股份
300880,迦南智能
603836,海程邦达
002672,东江环保
600569,安阳钢铁
300035,中科电气
300658,延江股份
000966,长源电力
603100,川仪股份
600272,开开实业
600865,百大集团
300723,一品红
000009,中国宝安
301045,天禄科技
301370,国科恒泰
600841,动力新科
002737,葵花药业
603260,合盛硅业
002501,利源股份
603020,爱普股份
003007,直真科技
000705,浙江震元
600724,宁波富达
600523,贵航股份
600127,金健米业
002778,中晟高科
002431,棕榈股份
301296,新巨丰
600429,三元股份
002614,奥佳华
003035,南网能源
603197,保隆科技
301179,泽宇智能
000690,宝新能源
300509,新美星
834765,美之高
600004,白云机场
600963,岳阳林纸
600170,上海建工
603091,众鑫股份
002687,乔治白
000779,甘咨询
001318,阳光乳业
300428,立中集团
002736,国信证券
002451,摩恩电气
603726,朗迪集团
000731,四川美丰
002579,中京电子
600969,郴电国际
600189,泉阳泉
603097,江苏华辰
002508,老板电器
600526,菲达环保
301209,联合化学
301320,豪江智能
000521,长虹美菱
301098,金埔园林
002472,双环传动
300882,万胜智能
600169,太原重工
001255,博菲电气
002567,唐人神
300119,瑞普生物
600726,华电能源
688287,*ST观典
600032,浙江新能
603283,赛腾股份
000586,汇源通信
000401,冀东水泥
600101,明星电力
301331,恩威医药
001299,美能能源
600586,金晶科技
601866,中远海发
002318,久立特材
002041,登海种业
600793,宜宾纸业
688325,赛微微电
002630,ST华西
601328,交通银行
601166,兴业银行
601882,海天精工
002059,云南旅游
002282,博深股份
603687,大胜达
002362,汉王科技
600548,深高速
300388,节能国祯
605337,李子园
836942,恒立钻具
688455,科捷智能
301136,招标股份
301186,超达装备
601966,玲珑轮胎
002217,合力泰
300833,浩洋股份
831087,秋乐种业
688569,铁科轨道
301038,深水规院
600064,南京高科
600073,光明肉业
002275,桂林三金
600051,宁波联合
300725,药石科技
601595,上海电影
839725,惠丰钻石
600477,杭萧钢构
300462,ST华铭
301081,严牌股份
002017,东信和平
300685,艾德生物
300311,ST任子行
600926,杭州银行
600027,华电国际
688210,统联精密
002360,同德化工
000719,中原传媒
300274,阳光电源
603030,全筑股份
300550,和仁科技
002247,聚力文化
000783,长江证券
002563,森马服饰
002511,中顺洁柔
688109,品茗科技
603356,华菱精工
300234,开尔新材
600056,中国医药
600406,国电南瑞
600802,福建水泥
688258,卓易信息
600376,首开股份
601186,中国铁建
430564,天润科技
301332,德尔玛
002096,易普力
001223,欧克科技
601668,中国建筑
002136,安 纳 达
603507,振江股份
600517,国网英大
688639,华恒生物
601216,君正集团
002791,坚朗五金
600399,抚顺特钢
301678,新恒汇
000888,峨眉山Ａ
603878,武进不锈
000548,湖南投资
300569,天能重工
688052,纳芯微
301261,恒工精密
002478,常宝股份
300822,贝仕达克
000963,华东医药
300712,永福股份
300514,友讯达
603172,万丰股份
600604,市北高新
300893,松原安全
600858,银座股份
920027,交大铁发
002870,香山股份
600185,珠免集团
688272,富吉瑞
300151,昌红科技
300358,楚天科技
001217,华尔泰
002752,昇兴股份
600688,上海石化
600736,苏州高新
600729,重庆百货
300736,百邦科技
300056,中创环保
605162,新中港
002601,龙佰集团
002086,东方海洋
603357,设计总院
300009,安科生物
600897,厦门空港
300298,三诺生物
603311,金海高科
000419,通程控股
600338,西藏珠峰
000426,兴业银锡
000926,福星股份
000429,粤高速Ａ
601566,九牧王
603102,百合股份
301356,天振股份
002831,裕同科技
301029,怡合达
000551,创元科技
600787,中储股份
601872,招商轮船
603889,新澳股份
603816,顾家家居
600078,澄星股份
002611,东方精工
603638,艾迪精密
600008,首创环保
600120,浙江东方
600519,贵州茅台
601579,会稽山
001286,陕西能源
601800,中国交建
300856,科思股份
603076,乐惠国际
600433,冠豪高新
002277,友阿股份
600067,冠城新材
300801,泰和科技
603856,东宏股份
002749,国光股份
002211,ST宏达
832802,保丽洁
600755,厦门国贸
000619,海螺新材
002395,双象股份
301362,民爆光电
603165,荣晟环保
000028,国药一致
605296,神农集团
002117,东港股份
300639,凯普生物
002748,世龙实业
600844,金煤科技
603876,鼎胜新材
600313,农发种业
603017,中衡设计
000906,浙商中拓
600930,华电新能
600017,日照港
002206,海 利 得
002100,天康生物
002696,百洋股份
688151,华强科技
002133,广宇集团
600236,桂冠电力
000791,甘肃能源
002300,太阳电缆
300981,中红医疗
002187,广百股份
002643,万润股份
001379,腾达科技
002401,中远海科
873132,泰鹏智能
600665,天地源
605369,拱东医疗
002204,大连重工
605368,蓝天燃气
300986,志特新材
603960,克来机电
835174,五新隧装
605155,西大门
002940,昂利康
000998,隆平高科
600493,凤竹纺织
002552,宝鼎科技
600827,百联股份
920002,万达轴承
002399,海普瑞
000410,沈阳机床
688135,利扬芯片
002943,宇晶股份
688580,伟思医疗
300492,华图山鼎
002054,德美化工
600618,氯碱化工
600130,*ST波导
688136,科兴制药
000153,丰原药业
600261,阳光照明
002958,青农商行
600280,中央商场
000598,兴蓉环境
002531,天顺风能
688050,爱博医疗
002972,科安达
603167,渤海轮渡
600491,龙元建设
001239,永达股份
688156,路德环境
601288,农业银行
301533,威马农机
000428,华天酒店
301099,雅创电子
000863,三湘印象
000692,惠天热电
600011,华能国际
002896,中大力德
600117,西宁特钢
600308,华泰股份
002686,亿利达
000543,皖能电力
600258,首旅酒店
920116,星图测控
001219,青岛食品
605167,利柏特
002637,赞宇科技
300519,新光药业
600575,淮河能源
603701,德宏股份
002286,保龄宝
688321,微芯生物
600359,新农开发
688633,星球石墨
002121,科陆电子
300434,金石亚药
603182,嘉华股份
301366,一博科技
605055,迎丰股份
000761,本钢板材
603363,傲农生物
002348,高乐股份
601111,中国国航
603195,公牛集团
002390,信邦制药
002029,七 匹 狼
002290,禾盛新材
003025,思进智能
603637,镇海股份
600336,澳柯玛
300717,华信新材
605111,新洁能
601619,嘉泽新能
002908,德生科技
301318,维海德
603551,奥普科技
688671,碧兴物联
002835,同为股份
301287,康力源
603214,爱婴室
600814,杭州解百
603949,雪龙集团
601628,中国人寿
003041,真爱美家
600843,上工申贝
601811,新华文轩
301389,隆扬电子
300614,百川畅银
601818,光大银行
300763,锦浪科技
000581,威孚高科
603107,上海汽配
002271,东方雨虹
688198,佰仁医疗
600714,金瑞矿业
300013,新宁物流
603011,合锻智能
600958,东方证券
000949,新乡化纤
600828,茂业商业
301396,宏景科技
600115,中国东航
000725,京东方Ａ
600916,中国黄金
002966,苏州银行
601200,上海环境
600883,博闻科技
001205,盛航股份
000582,北部湾港
688187,时代电气
601568,北元集团
301617,博苑股份
600251,冠农股份
600552,凯盛科技
001213,中铁特货
601065,江盐集团
603676,卫信康
300281,金明精机
600061,国投资本
603489,八方股份
603477,巨星农牧
000825,太钢不锈
002772,众兴菌业
605133,嵘泰股份
002085,万丰奥威
002161,远 望 谷
603886,元祖股份
600690,海尔智家
002667,威领股份
000890,法尔胜
301137,哈焊华通
601061,中信金属
301062,上海艾录
301280,珠城科技
600833,第一医药
601218,吉鑫科技
001331,胜通能源
000900,现代投资
002745,木林森
603227,雪峰科技
002145,中核钛白
600982,宁波能源
605300,佳禾食品
603065,宿迁联盛
603680,今创集团
605399,晨光新材
002715,登云股份
603506,南都物业
301372,科净源
001336,楚环科技
300538,同益股份
002572,索菲亚
603390,通达电气
300512,中亚股份
605158,华达新材
002001,新 和 成
601985,中国核电
000591,太阳能
000965,天保基建
000589,贵州轮胎
000037,深南电A
302132,中航成飞
300002,神州泰岳
002713,*ST东易
300070,碧水源
000012,南  玻Ａ
301322,绿通科技
600059,古越龙山
600502,安徽建工
000539,粤电力Ａ
001216,华瓷股份
601952,苏垦农发
301073,君亭酒店
301109,军信股份
603215,比依股份
600483,福能股份
002582,好想你
002858,力盛体育
000736,*ST中地
600516,方大炭素
002454,松芝股份
301369,联动科技
001221,悍高集团
001311,多利科技
603790,雅运股份
600327,大东方
600789,鲁抗医药
000755,山西高速
603205,健尔康
605268,王力安防
603586,金麒麟
002387,维信诺
002842,翔鹭钨业
300406,九强生物
688278,特宝生物
301429,森泰股份
301408,华人健康
002171,楚江新材
300536,农尚环境
003013,地铁设计
600979,广安爱众
002948,青岛银行
688017,绿的谐波
301009,可靠股份
300758,七彩化学
600967,内蒙一机
300743,天地数码
002330,得利斯
603429,集友股份
301283,聚胶股份
300875,捷强装备
300007,汉威科技
002997,瑞鹄模具
300205,*ST天喻
603335,迪生力
300021,大禹节水
300864,南大环境
601816,京沪高铁
003011,海象新材
000993,闽东电力
300209,有棵树
300164,通源石油
832786,骑士乳业
600309,万华化学
688510,航亚科技
603010,万盛股份
601555,东吴证券
002960,青鸟消防
300737,科顺股份
688186,广大特材
300904,威力传动
001324,长青科技
600149,廊坊发展
600470,六国化工
603707,健友股份
600648,外高桥
603871,嘉友国际
300385,雪浪环境
603308,应流股份
601107,四川成渝
603008,喜临门
600919,江苏银行
001270,*ST铖昌
600558,大西洋
002701,奥瑞金
601601,中国太保
300653,正海生物
000957,中通客车
001338,永顺泰
600018,上港集团
002597,金禾实业
300373,扬杰科技
002585,双星新材
000650,仁和药业
002430,杭氧股份
600573,惠泉啤酒
605077,华康股份
002258,利尔化学
603306,华懋科技
603219,富佳股份
003004,*ST声迅
688428,诺诚健华-U
603368,柳药集团
600785,新华百货
003000,劲仔食品
003012,东鹏控股
301365,矩阵股份
603919,金徽酒
002422,科伦药业
600397,安源煤业
002304,洋河股份
300591,万里马
688161,威高骨科
000030,富奥股份
603568,伟明环保
300146,汤臣倍健
300718,长盛轴承
001228,永泰运
300724,捷佳伟创
600210,紫江企业
601169,北京银行
301301,川宁生物
601226,华电科工
688408,中信博
600510,黑牡丹
688057,金达莱
301257,普蕊斯
603589,口子窖
001301,尚太科技
603711,香飘飘
000505,京粮控股
001872,招商港口
301026,浩通科技
600098,广州发展
600116,三峡水利
001373,翔腾新材
603344,星德胜
600784,鲁银投资
300048,合康新能
000688,国城矿业
603385,惠达卫浴
002562,兄弟科技
600302,标准股份
603716,塞力医疗
000089,深圳机场
002252,上海莱士
002880,卫光生物
000713,丰乐种业
001258,立新能源
002571,德力股份
688087,英科再生
300452,山河药辅
301308,江波龙
000019,深粮控股
002200,*ST交投
002534,西子洁能
600459,贵研铂业
688707,振华新材
000048,京基智农
688501,青达环保
603059,倍加洁
301037,保立佳
002105,信隆健康
000603,盛达资源
601033,永兴股份
000600,建投能源
603786,科博达
000970,中科三环
603209,兴通股份
600623,华谊集团
003002,壶化股份
601127,赛力斯
603788,宁波高发
688073,毕得医药
600642,申能股份
002931,锋龙股份
002799,环球印务
603018,华设集团
301167,建研设计
002901,大博医疗
603062,麦加芯彩
603903,中持股份
603860,中公高科
688193,仁度生物
600435,北方导航
600867,通化东宝
603733,仙鹤股份
605168,三人行
688255,凯尔达
600741,华域汽车
000537,中绿电
000301,东方盛虹
002541,鸿路钢构
600461,洪城环境
000657,中钨高新
300917,特发服务
301306,西测测试
001259,利仁科技
688302,海创药业-U
600970,中材国际
603112,华翔股份
603803,瑞斯康达
002043,兔 宝 宝
600986,浙文互联
300891,惠云钛业
601311,骆驼股份
603393,新天然气
600026,中远海能
688345,博力威
603909,建发合诚
601022,宁波远洋
603528,多伦科技
603558,健盛集团
600299,安迪苏
300470,中密控股
688623,双元科技
600976,健民集团
002278,神开股份
603801,志邦家居
600511,国药股份
002461,珠江啤酒
605177,东亚药业
301092,争光股份
603229,奥翔药业
603648,XD畅联股
605499,东鹏饮料
603163,圣晖集成
002533,金杯电工
002595,豪迈科技
688577,浙海德曼
600678,四川金顶
002095,生 意 宝
300471,厚普股份
000920,沃顿科技
600895,张江高科
300113,顺网科技
002357,富临运业
300243,瑞丰高材
920037,广信科技
002967,广电计量
301166,优宁维
600826,兰生股份
688067,爱威科技
001300,三柏硕
002867,周大生
002818,富森美
603926,铁流股份
601318,中国平安
300586,美联新材
300834,星辉环材
600668,尖峰集团
002543,万和电气
000729,燕京啤酒
002986,宇新股份
603787,新日股份
300625,三雄极光
603235,天新药业
600882,妙可蓝多
300414,中光防雷
300926,博俊科技
603897,长城科技
002462,嘉事堂
301222,浙江恒威
002125,湘潭电化
603071,物产环能
002287,奇正藏药
301234,五洲医疗
000786,北新建材
300579,数字认证
603693,江苏新能
600197,伊力特
002007,华兰生物
600182,S佳通
002889,东方嘉盛
002690,美亚光电
300637,扬帆新材
000568,泸州老窖
600367,红星发展
605339,南侨食品
003036,泰坦股份
000403,派林生物
605011,杭州热电
601177,杭齿前进
301233,盛帮股份
600699,均胜电子
688026,洁特生物
603456,九洲药业
002738,中矿资源
300918,南山智尚
688398,赛特新材
603131,上海沪工
600941,中国移动
600161,天坛生物
603656,泰禾智能
301239,普瑞眼科
300720,海川智能
600612,老凤祥
600600,青岛啤酒
003019,宸展光电
301067,显盈科技
002906,华阳集团
301075,多瑞医药
300533,冰川网络
301107,瑜欣电子
300696,爱乐达
605009,豪悦护理
300809,华辰装备
600269,赣粤高速
688096,京源环保
300338,ST开元
001368,通达创智
688141,杰华特
002116,中国海诚
601369,陕鼓动力
601916,浙商银行
601918,新集能源
600594,益佰制药
002557,洽洽食品
600525,ST长园
603668,天马科技
300691,联合光电
002546,新联电子
002293,罗莱生活
603777,来伊份
300692,中环环保
605028,世茂能源
601000,唐山港
605069,正和生态
000498,山东路桥
600713,南京医药
600716,凤凰股份
600871,石化油服
301024,霍普股份
600172,黄河旋风
603948,建业股份
002346,柘中股份
600512,腾达建设
600000,浦发银行
000507,珠海港
000519,中兵红箭
600704,物产中大
002969,嘉美包装
601187,厦门银行
002124,天邦食品
601188,龙江交通
600377,宁沪高速
002787,华源控股
603520,司太立
600104,上汽集团
600108,亚盛集团
002989,中天精装
600780,通宝能源
600719,大连热电
603188,亚邦股份
600720,XD中交设
600663,陆家嘴
000778,新兴铸管
000721,西安饮食
300198,ST纳川
601808,中海油服
002314,南山控股
601992,金隅集团
002327,富安娜
002476,宝莫股份
002479,富春环保
000629,钒钛股份
000631,顺发恒业
000541,佛山照明
600479,千金药业
600848,上海临港
002012,凯恩股份
000552,甘肃能化
000553,安道麦A
600151,航天机电
600639,浦东金桥
600153,建发股份
600159,大龙地产
600177,雅戈尔
600079,人福医药
600082,海泰发展
300396,迪瑞医疗
301500,飞南资源
002022,科华生物
600293,三峡新材
002146,荣盛发展
002153,石基信息
600300,维维股份
600368,五洲交通
000905,厦门港务
000910,大亚圣象
000929,*ST兰黄
000897,津滨发展
601128,常熟银行
603310,巍华新材
002517,恺英网络
600566,济川药业
603317,天味食品
688176,亚虹医药-U
000903,ST云动
600681,百川能源
600322,津投城开
603618,杭电股份
000757,浩物股份
600693,东百集团
002061,浙江交科
600960,渤海汽车
000632,三木集团
603797,联泰环保
688283,坤恒顺维
000912,泸天化
002693,*ST双成
002697,红旗连锁
000915,华特达因
002714,牧原股份
601006,大秦铁路
002900,哈三联
603022,新通联
000716,黑芝麻
600283,钱江水利
002553,南方精工
002521,齐峰新材
600420,国药现代
600503,华丽家族
600925,苏能股份
601018,宁波港
002671,龙泉股份
002685,华东重机
301528,多浦乐
300445,康斯特
000096,广聚能源
688661,和林微纳
600863,内蒙华电
300517,海波重科
600821,金开新能
000088,盐 田 港
000898,鞍钢股份
000090,天健集团
601678,滨化股份
603060,国检集团
603901,永创智能
601686,友发集团
300700,岱勒新材
002094,青岛金王
600256,广汇能源
601518,吉林高速
601567,三星医疗
600125,铁龙物流
600133,东湖高新
002078,太阳纸业
002081,金 螳 螂
002629,仁智股份
600738,丽尚国潮
003816,中国广核
002440,闰土股份
000838,财信发展
600239,云南城投
601388,怡球资源
601098,中南传媒
600361,创新新材
002442,龙星科技
601086,国芳集团
601096,宏盛华源
000069,华侨城Ａ
000809,和展能源
000404,长虹华意
000055,方大集团
001201,东瑞股份
000001,平安银行
601011,宝泰隆
600742,富维股份
000402,金 融 街
002372,伟星新材
002378,章源钨业
002381,双箭股份
002394,联发股份
000967,盈峰环境
600020,中原高速
600023,浙能电力
000968,蓝焰控股
600746,江苏索普
300129,泰胜风能
605188,国光连锁
000680,山推股份
300139,晓程科技
000042,中洲控股
688698,伟创电气
300897,山科智能
603127,昭衍新药
301135,瑞德智能
688646,ST逸飞
002558,巨人网络
688276,百克生物
002976,瑞玛精密
603712,七一二
000895,双汇发展
688401,路维光电
001277,速达股份
600036,招商银行
301270,汉仪股份
603180,金牌家居
832145,恒合股份
603009,北特科技
601965,中国汽研
000526,学大教育
002982,湘佳股份
603239,浙江仙通
605099,共创草坪
301459,丰茂股份
002624,完美世界
605222,起帆电缆
000423,东阿阿胶
301040,中环海陆
300922,天秦装备
603868,飞科电器
000902,新洋丰
300800,力合科技
600768,宁波富邦
300873,海晨股份
301228,实朴检测
300610,晨化股份
000409,云鼎科技
002093,国脉科技
003028,振邦智能
600873,梅花生物
000411,英特集团
300577,开润股份
301225,恒勃股份
605333,沪光股份
000828,东莞控股
601688,华泰证券
603055,台华新材
600331,宏达股份
603086,先达股份
601963,重庆银行
688311,盟升电子
605299,舒华体育
301055,张小泉
603135,中重科技
601799,星宇股份
301303,真兰仪表
603217,元利科技
300342,天银机电
300374,中铁装配
002887,绿茵生态
001367,海森药业
001317,三羊马
603063,禾望电气
600201,生物股份
003043,华亚智能
301015,百洋医药
600218,全柴动力
601825,沪农商行
300749,顶固集创
603829,洛凯股份
688317,之江生物
002615,哈尔斯
600058,五矿发展
600866,星湖科技
300910,瑞丰新材
688041,海光信息
837663,明阳科技
000032,深桑达Ａ
300912,凯龙高科
603333,尚纬股份
603658,安图生物
000547,航天发展
603321,梅轮电梯
301391,卡莱特
002838,道恩股份
300599,雄塑科技
000157,中联重科
002350,北京科锐
300105,龙源技术
300860,锋尚文化
605138,盛泰集团
600132,重庆啤酒
688578,艾力斯
600992,贵绳股份
603168,莎普爱思
301097,天益医疗
600987,航民股份
300697,电工合金
603193,润本股份
605116,奥锐特
601330,绿色动力
600113,浙江东日
002753,永东股份
002208,合肥城建
301046,能辉科技
603122,合富中国
601163,三角轮胎
001328,登康口腔
002420,毅昌科技
300617,安靠智电
600820,隧道股份
300511,雪榕生物
002380,科远智慧
300761,立华股份
300039,上海凯宝
603439,贵州三力
601336,新华保险
002274,华昌化工
600137,浪莎股份
600123,兰花科创
002075,沙钢股份
000703,恒逸石化
002568,百润股份
000789,万年青
002391,长青股份
600611,大众交通
300837,浙矿股份
301300,远翔新材
000822,山东海化
600029,南方航空
600676,交运股份
601717,中创智领
601008,连云港
600463,空港股份
301160,翔楼新材
600874,创业环保
601222,林洋能源
688159,有方科技
688819,天能股份
600118,中国卫星
600560,金自天正
600028,中国石化
600279,重庆港
601598,中国外运
003008,开普检测
002016,世荣兆业
002811,郑中设计
600084,中信尼雅
301175,中科环保
601988,中国银行
002111,威海广泰
300360,炬华科技
002816,*ST和科
600513,联环药业
300558,贝达药业
300732,设研院
002538,司尔特
000510,新金路
300130,新国都
002202,金风科技
603899,晨光股份
002223,鱼跃医疗
600717,天津港
601229,上海银行
600598,北大荒
301336,趣睡科技
301190,善水科技
600501,航天晨光
603223,恒通股份
002631,德尔未来
600346,恒力石化
300314,戴维医疗
300191,潜能恒信
002937,兴瑞科技
002324,普利特
600105,永鼎股份
688128,中国电研
000520,凤凰航运
002162,悦心健康
600016,民生银行
603833,欧派家居
603538,美诺华
300945,曼卡龙
605005,合兴股份
301163,宏德股份
600025,华能水电
002694,顾地科技
002160,常铝股份
000883,湖北能源
000672,上峰水泥
002201,九鼎新材
002990,盛视科技
832982,锦波生物
600900,长江电力
300573,兴齐眼药
002775,文科股份
002810,山东赫达
601058,赛轮轮胎
603276,恒兴新材
600273,嘉化能源
605060,联德股份
600282,南钢股份
603828,ST柯利达
002788,鹭燕医药
002166,莱茵生物
601021,春秋航空
600230,沧州大化
600817,宇通重工
688480,赛恩斯
000798,中水渔业
300391,*ST长药
002414,高德红外
603050,科林电气
600666,奥瑞德
300636,同和药业
600310,广西能源
600605,汇通能源
002375,亚厦股份
301065,本立科技
688008,澜起科技
603255,鼎际得
300001,特锐德
000889,中嘉博创
002523,天桥起重
301212,联盛化学
600853,龙建股份
600248,陕建股份
000039,中集集团
601117,中国化学
601113,华鼎股份
002237,恒邦股份
301150,中一科技
603667,五洲新春
603014,威高血净
688399,硕世生物
600956,XD新天绿
601009,南京银行
002648,卫星化学
872925,锦好医疗
000682,东方电子
605378,野马电池
002700,万憬能源
603566,普莱柯
000759,中百集团
300773,拉卡拉
002592,ST八菱
600633,浙数文化
001965,招商公路
002060,广东建工
603698,航天工程
600587,新华医疗
600019,宝钢股份
300867,圣元环保
603278,大业股份
301080,百普赛斯
688592,司南导航
000852,石化机械
300498,温氏股份
600033,福建高速
300465,高伟达
600812,华北制药
000506,招金黄金
600094,大名城
600448,华纺股份
603056,德邦股份
002529,*ST海源
000739,普洛药业
000819,岳阳兴长
600938,中国海油
301596,瑞迪智驱
603681,永冠新材
000651,格力电器
600643,爱建集团
600582,天地科技
600675,中华企业
301535,浙江华远
600469,风神股份
301019,宁波色母
603556,海兴电力
603282,亚光股份
920088,科力股份
002847,盐津铺子
688237,超卓航科
000560,我爱我家
600487,亨通光电
300183,东软载波
600129,太极集团
002353,杰瑞股份
600730,中国高科
603309,维力医疗
603365,水星家纺
301039,中集车辆
601298,青岛港
688235,百济神州-U
603727,博迈科
603937,丽岛新材
603117,万林物流
603259,药明康德
688390,固德威
603398,*ST沐邦
603615,茶花股份
600710,苏美达
600486,扬农化工
603808,歌力思
002513,蓝丰生化
002321,华英农业
301002,崧盛股份
000793,ST华闻
300143,盈康生命
688600,皖仪科技
300237,美晨科技
300941,创识科技
001210,金房能源
600062,华润双鹤
002034,旺能环境
600007,中国国贸
600674,川投能源
603900,莱绅通灵
605507,国邦医药
300855,图南股份
002688,金河生物
002040,南 京 港
600211,西藏药业
688290,景业智能
002083,孚日股份
000885,城发环境
300959,线上线下
000430,ST张家界
301525,儒竞科技
600886,国投电力
600446,金证股份
688708,佳驰科技
600791,京能置业
000700,模塑科技
300932,三友联众
002307,北新路桥
600691,阳煤化工
002875,安奈儿
600475,华光环能
002367,康力电梯
000709,河钢股份
002251,步步高
000695,滨海能源
002092,中泰化学
000534,万泽股份
603416,信捷电气
600649,城投控股
688208,道通科技
600572,康恩贝
001337,四川黄金
688016,心脉医疗
605377,华旺科技
600222,太龙药业
002014,永新股份
002039,黔源电力
600193,*ST创兴
603823,百合花
603879,永悦科技
000554,泰山石油
000612,焦作万方
688293,奥浦迈
002138,顺络电子
605081,*ST太和
603286,日盈电子
002234,民和股份
300901,中胤时尚
002254,泰和新材
603299,苏盐井神
000338,潍柴动力
603331,百达精工
600989,宝丰能源
300779,惠城环保
600488,津药药业
600012,皖通高速
601727,上海电气
603612,索通发展
001268,联合精密
002998,优彩资源
603885,吉祥航空
688443,智翔金泰-U
000813,德展健康
601319,中国人保
002382,蓝帆医疗
002613,北玻股份
000959,首钢股份
688389,普门科技
600683,京投发展
603699,纽威股份
603639,海利尔
600743,华远控股
301292,海科新源
600850,电科数字
300420,五洋自控
600798,宁波海运
603298,杭叉集团
603012,创力集团
600651,飞乐音响
002564,天沃科技
600121,郑州煤电
300020,ST银江
605166,聚合顺
600328,中盐化工
000975,山金国际
300505,川金诺
600740,山西焦化
002650,ST加加
600927,永安期货
002489,浙江永强
688157,松井股份
002647,*ST仁东
600758,辽宁能源
300138,晨光生物
600015,华夏银行
300468,四方精创
002771,真视通
603665,康隆达
002891,中宠股份
688701,卓锦股份
603201,常润股份
300645,正元智慧
600567,山鹰国际
002154,报 喜 鸟
600136,ST明诚
002076,*ST星光
300677,英科医疗
603045,福达合金
600350,山东高速
605599,菜百股份
600792,云煤能源
603596,伯特利
600351,亚宝药业
605117,德业股份
001238,浙江正特
002493,荣盛石化
002675,东诚药业
300343,ST联创
688062,迈威生物-U
000983,山西焦煤
601939,建设银行
002114,罗平锌电
600375,汉马科技
002578,闽发铝业
002705,新宝股份
300596,利安隆
300952,恒辉安防
002988,豪美新材
300963,中洲特材
603109,神驰机电
600508,上海能源
600971,恒源煤电
600561,江西长运
600289,ST信通
002386,天原股份
600096,云天化
300226,上海钢联
601857,中国石油
600081,东风科技
300363,博腾股份
600295,鄂尔多斯
002893,京能热力
601068,中铝国际
601212,白银有色
002142,宁波银行
688799,华纳药厂
002068,黑猫股份
002198,嘉应制药
600395,盘江股份
301033,迈普医学
600496,精工钢构
600039,四川路桥
002717,ST岭南
002716,湖南白银
000776,广发证券
300194,福安药业
002950,奥美医疗
000002,万  科Ａ
300633,开立医疗
600266,城建发展
003005,竞业达
000576,甘化科工
300953,震裕科技
605118,力鼎光电
603089,正裕工业
603338,浙江鼎力
000615,*ST美谷
300535,达威股份
300348,长亮科技
000909,ST数源
600761,安徽合力
300102,乾照光电
600803,新奥股份
002064,华峰化学
002311,海大集团
002492,恒基达鑫
603119,浙江荣泰
001207,联科科技
002099,海翔药业
605050,福然德
000417,合百集团
601398,工商银行
688066,航天宏图
600352,浙江龙盛
603162,海通发展
603565,中谷物流
603848,好太太
002537,海联金汇
600358,ST联合
002669,康达新材
603277,银都股份
300515,三德科技
301363,美好医疗
603272,联翔股份
600838,上海九百
300824,北鼎股份
002233,塔牌集团
600497,驰宏锌锗
688314,康拓医疗
002556,辉隆股份
002641,公元股份
002370,亚太药业
002483,润邦股份
002443,金洲管道
002923,润都股份
300546,雄帝科技
000717,中南股份
600596,新安股份
300969,恒帅股份
600662,外服控股
600626,申达股份
002150,通润装备
000951,中国重汽
300878,维康药业
002026,山东威达
000656,*ST金科
603313,梦百合
603075,热威股份
000766,通化金马
300415,伊之密
301010,晶雪节能
688722,同益中
603922,金鸿顺
000036,华联控股
603557,ST起步
301511,德福科技
600855,航天长峰
002005,ST德豪
301358,湖南裕能
605566,福莱蒽特
301309,万得凯
301036,双乐股份
600276,恒瑞医药
002996,顺博合金
002042,华孚时尚
605090,九丰能源
603992,松霖科技
002895,川恒股份
603585,苏利股份
600167,联美控股
600888,新疆众和
002833,弘亚数控
600997,开滦股份
603989,艾华集团
300862,蓝盾光电
605286,同力日升
000893,亚钾国际
603987,康德莱
688192,迪哲医药-U
000060,中金岭南
600267,海正药业
688606,奥泰生物
002731,萃华珠宝
002973,侨银股份
300651,金陵体育
688625,呈和科技
603755,日辰股份
603225,新凤鸣
301004,嘉益股份
300902,国安达
600684,珠江股份
600571,信雅达
000830,鲁西化工
603126,中材节能
301076,新瀚新材
601138,工业富联
301229,纽泰格
000501,武商集团
000923,河钢资源
002872,ST天圣
300772,运达股份
000683,博源化工
000333,美的集团
603527,众源新材
003023,彩虹集团
600212,绿能慧充
300167,ST迪威迅
601665,齐鲁银行
603037,凯众股份
301515,港通医疗
603811,诚意药业
835305,*ST云创
600048,保利发展
000908,ST景峰
001206,依依股份
688789,宏华数科
300165,ST天瑞
002796,世嘉科技
603213,镇洋发展
601002,晋亿实业
002027,分众传媒
603798,康普顿
300082,奥克股份
688039,当虹科技
300125,*ST聆达
600052,东望时代
688683,莱尔科技
605303,园林股份
002235,安妮股份
002170,芭田股份
601515,东峰集团
000518,*ST四环
603587,地素时尚
600983,惠而浦
603273,天元智能
002961,瑞达期货
002110,三钢闽光
601899,紫金矿业
688506,百利天恒
603661,恒林股份
603106,恒银科技
600340,华夏幸福
300977,深圳瑞捷
688679,通源环境
600006,东风股份
603312,西典新能
000960,锡业股份
600531,豫光金铅
600769,祥龙电业
002214,*ST大立
002762,*ST金比
601838,成都银行
002310,东方园林
300844,山水比德
605183,确成股份
600348,华阳股份
000422,湖北宜化
603590,康辰药业
688793,倍轻松
603606,东方电缆
603709,中源家居
300005,探路者
600268,国电南自
002660,茂硕电源
601702,华峰铝业
300238,冠昊生物
000528,柳    工
688166,博瑞医药
688515,裕太微-U
001979,招商蛇口
601666,平煤股份
600319,亚星化学
601020,华钰矿业
601155,新城控股
601233,桐昆股份
600968,海油发展
001378,德冠新材
002755,奥赛康
603080,新疆火炬
603789,*ST星农
688433,华曙高科
300407,凯发电气
688349,三一重能
300680,隆盛科技
600031,三一重工
301020,密封科技
600188,兖矿能源
002721,金一文化
002469,三维化学
605289,罗曼股份
600323,瀚蓝环境
603177,德创环保
002177,御银股份
601958,金钼股份
688702,盛科通信-U
300435,中泰股份
600382,广东明珠
603530,神马电力
688178,万德斯
873706,铁拓机械
688418,震有科技
600192,长城电工
000685,中山公用
603776,永安行
601121,宝地矿业
002437,誉衡药业
603079,圣达生物
601077,渝农商行
600748,上实发展
002253,*ST智胜
600533,栖霞建设
603818,曲美家居
300703,创源股份
831039,国义招标
002207,准油股份
688059,华锐精密
600984,建设机械
000913,钱江摩托
872392,佳合科技
000590,启迪药业
603207,小方制药
600545,卓郎智能
000571,新大洲A
603838,*ST四通
600885,宏发股份
300826,测绘股份
600650,锦江在线
603130,云中马
600894,广日股份
002868,*ST绿康
002540,亚太科技
600426,华鲁恒升
688236,春立医疗
002890,弘宇股份
002294,信立泰
688114,华大智造
300907,康平科技
603706,东方环宇
002879,长缆科技
600489,中金黄金
600141,兴发集团
603508,思维列控
002539,云图控股
600365,ST通葡
300652,雷迪克
000751,锌业股份
003040,楚天龙
002088,鲁阳节能
601228,广州港
002913,奥士康
300702,天宇股份
002032,苏 泊 尔
301200,大族数控
002971,和远气体
603619,中曼石油
002058,*ST威尔
300819,聚杰微纤
603855,华荣股份
002821,凯莱英
603766,隆鑫通用
300159,*ST新研
301529,福赛科技
603303,得邦照明
688539,高华科技
000557,西部创业
002569,*ST步森
605288,凯迪股份
603007,*ST花王
301100,风光股份
603301,振德医疗
300430,诚益通
603686,福龙马
300886,华业香料
301035,润丰股份
300789,唐源电气
600808,马钢股份
002942,新农股份
000878,云南铜业
002210,飞马国际
000715,中兴商业
000525,红太阳
002510,天汽模
301518,长华化学
601101,昊华能源
603867,新化股份
603991,至正股份
603125,常青科技
688626,翔宇医疗
600063,皖维高新
600262,北方股份
002047,*ST宝鹰
300776,帝尔激光
001222,源飞宠物
605196,华通线缆
688631,莱斯信息
002244,滨江集团
301600,慧翰股份
601699,潞安环能
300771,智莱科技
002516,旷达科技
600409,三友化工
837748,路桥信息
300304,云意电气
002774,快意电梯
603725,天安新材
601069,西部黄金
603813,*ST原尚
002155,湖南黄金
300870,欧陆通
600547,山东黄金
002545,东方铁塔
300158,振东制药
603129,春风动力
600775,南京熊猫
600231,凌钢股份
002695,煌上煌
002488,金固股份
001316,润贝航科
600546,山煤国际
301613,新铝时代
688585,上纬新材
688197,首药控股-U
600810,神马股份
603610,麒盛科技
603181,皇马科技
605305,中际联合
000928,中钢国际
002588,史丹利
300111,向日葵
601998,中信银行
002072,凯瑞德
300792,壹网壹创
002828,贝肯能源
600696,*ST岩石
603023,威帝股份
601168,西部矿业
603599,广信股份
688221,前沿生物-U
605376,博迁新材
002485,ST雪发
603036,如通股份
300232,洲明科技
300368,汇金股份
603367,辰欣药业
301130,西点药业
002779,中坚科技
300993,玉马科技
600148,长春一东
002316,ST亚联
001236,弘业期货
688376,美埃科技
002246,北化股份
002850,科达利
605319,无锡振华
920101,志高机械
301316,慧博云通
603153,上海建科
002822,ST中装
301237,和顺科技
000659,珠海中富
301127,武汉天源
000807,云铝股份
002532,天山铝业
000408,藏格矿业
002270,华明装备
002491,通鼎互联
300193,佳士科技
603669,灵康药业
601886,江河集团
603116,红蜻蜓
600355,*ST精伦
300807,天迈科技
600538,国发股份
300506,ST名家汇
600383,金地集团
688548,广钢气体
688719,爱科赛博
600301,华锡有色
300848,美瑞新材
600362,江西铜业
600988,赤峰黄金
605169,洪通燃气
603929,亚翔集成
300225,*ST金泰
002008,大族激光
300344,ST立方
300985,致远新能
002097,山河智能
300246,宝莱特
001208,华菱线缆
603863,松炀资源
688273,麦澜德
600629,华建集团
002487,大金重工
600712,南宁百货
000933,神火股份
002628,成都路桥
600219,南山铝业
603196,日播时尚
601225,陕西煤业
300884,狄耐克
605189,富春染织
600066,宇通客车
002820,桂发祥
600228,*ST返利
000668,*ST荣控
600507,方大特钢
600731,湖南海利
002670,国盛金控
300796,贝斯美
002925,盈趣科技
002742,*ST三圣
601139,深圳燃气
300472,*ST新元
601898,中煤能源
603993,洛阳钼业
001914,招商积余
301327,华宝新能
600961,株冶集团
301221,光庭信息
301173,毓恬冠佳
300808,久量股份
603176,汇通集团
688520,神州细胞
002438,江苏神通
603033,三维股份
300753,爱朋医疗
002652,扬子新材
600234,科新发展
688199,久日新材
603113,金能科技
601606,长城军工
688658,悦康药业
002987,京北方
300401,花园生物
601600,中国铝业
000425,徐工机械
600846,同济科技
600985,淮北矿业
600860,京城股份
300841,康华生物
688665,四方光电
003029,吉大正元
300101,振芯科技
600708,光明地产
603280,南方路机
600901,江苏金租
603815,交建股份
002921,联诚精密
603458,勘设股份
002941,新疆交建
000932,华菱钢铁
002480,新筑股份
002622,皓宸医疗
600805,悦达投资
000997,新 大 陆
002128,电投能源
002051,中工国际
600418,江淮汽车
000056,皇庭国际
600325,华发股份
603057,紫燕食品
688029,南微医学
605016,百龙创园
002783,凯龙股份
301005,超捷股份
000737,北方铜业
688266,泽璟制药-U
301196,唯科科技
000953,河化股份
300300,海峡创新
688215,瑞晟智能
600563,法拉电子
603737,三棵树
688733,壹石通
301053,远信工业
000937,冀中能源
603093,南华期货
002028,思源电气
301216,万凯新材
600583,海油工程
002225,濮耐股份
000708,中信特钢
605580,恒盛能源
002365,永安药业
301188,力诺药包
000504,*ST生物
301377,鼎泰高科
605178,时空科技
300765,新诺威
300562,乐心医疗
601001,晋控煤业
301555,惠柏新材
600521,华海药业
601137,博威合金
000630,铜陵有色
300584,海辰药业
002303,美盈森
600698,湖南天雁
603013,亚普股份
002020,京新药业
605598,上海港湾
002379,宏创控股
603031,安孚科技
603611,诺力股份
603350,安乃达
600782,新钢股份
002830,名雕股份
688619,罗普特
603155,新亚强
601696,中银证券
300967,晓鸣股份
920106,林泰新材
688392,骄成超声
603095,越剑智能
000068,华控赛格
301505,苏州规划
600595,中孚实业
301357,北方长龙
600106,重庆路桥
601677,明泰铝业
603179,新泉股份
301022,海泰科
603767,中马传动
000669,ST金鸿
000026,飞亚达
603535,嘉诚国际
600076,康欣新材
300347,泰格医药
002653,海思科
300642,透景生命
600203,福日电子
688170,德龙激光
300885,海昌新材
600657,信达地产
000691,*ST亚太
603979,金诚信
301616,浙江华业
600255,鑫科材料
603035,常熟汽饰
688146,中船特气
688617,惠泰医疗
301125,腾亚精工
000999,华润三九
603098,森特股份
002734,利民股份
839680,*ST广道
300440,运达科技
000065,北方国际
002915,中欣氟材
301227,森鹰窗业
600711,盛屯矿业
688143,长盈通
600568,ST中珠
600232,金鹰股份
601089,福元医药
688500,慧辰股份
688669,聚石化学
002444,巨星科技
301502,华阳智能
002199,*ST东晶
603617,君禾股份
605298,必得科技
002898,*ST赛隆
000901,航天科技
002785,万里石
833429,康比特
603444,吉比特
000545,金浦钛业
000851,*ST高鸿
002773,康弘药业
603337,杰克股份
688648,中邮科技
605228,神通科技
603955,大千生态
870199,倍益康
688265,南模生物
688660,电气风电
301203,国泰环保
603579,荣泰健康
300877,金春股份
603226,菲林格尔
688607,康众医疗
301187,欧圣电气
301259,艾布鲁
301117,佳缘科技
300313,*ST天山
600246,万通发展
603090,宏盛股份
300078,思创医惠
920112,巴兰仕
920056,能之光
920018,宏远股份
833994,翰博高新
833874,泰祥股份
832317,观典防务
688555,退市泽达
688347,华虹公司
688228,开普云
688086,退市紫晶
605255,天普股份
603996,退市中新
603963,*ST大药
603603,退市博天
603555,ST贵人
603389,*ST亚振
603377,ST东时
603370,华新精科
603161,科华控股
603157,退市拉夏
603133,退市碳元
603058,永吉股份
603003,退市龙宇
601989,中国重工
601558,退市锐电
601299,中国北车
601268,*ST二重
601258,*ST庞大
601028,玉龙股份
600991,广汽长丰
600978,*ST宜生
600899,*ST信联
600898,*ST美讯
600896,退市海医
600891,退市秋林
600890,退市中房
600878,*ST北科
600870,退市厦华
600856,退市中天
600852,*ST中川
600849,上药转换
600842,中西药业
600840,新湖创业
600837,海通证券
600836,*ST易连
600832,东方明珠
600823,*ST世茂
600813,ST鞍一工
600811,*ST东方
600806,退市昆机
600804,退市鹏博
600799,*ST龙科
600788,*ST达曼
600786,东方锅炉
600781,退市辅仁
600772,S*ST龙昌
600767,退市运盛
600766,退市园城
600762,S*ST金荔
600752,*ST哈慈
600747,退市大控
600723,首商股份
600709,ST生态
600705,中航产融
600701,退市工新
600700,*ST数码
600695,退市绿庭
600687,退市刚泰
600680,*ST上普
600677,*ST航通
600672,*ST华圣
600670,*ST斯达
600669,*ST鞍成
600659,*ST花雕
600656,退市博元
600652,退市游久
600647,退市同达
600646,ST国嘉
600634,退市富控
600632,华联商厦
600631,百联股份
600627,上电股份
600625,PT水仙
600614,退市鹏起
600607,上实医药
600591,*ST上航
600565,ST迪马
600555,退市海创
600553,太行水泥
600532,退市未来
600485,*ST信威
600472,包头铝业
600466,*ST蓝光
600462,退市九有
600432,退市吉恩
600401,退市海润
600393,ST粤泰
600387,退市海越
600385,退市金泰
600360,*ST华微
600357,承德钒钛
600321,正源股份
600317,营口港
600311,*ST荣华
600306,退市商城
600297,广汇汽车
600296,S兰铝
600291,退市西水
600290,*ST华仪
600286,S*ST国瓷
600277,ST亿利
600275,退市昌鱼
600270,外运发展
600263,路桥建设
600260,*ST凯乐
600253,天方药业
600247,*ST成城
600242,退市中昌
600240,退市华业
600225,退市卓朗
600220,ST阳光
600213,*ST亚星
600209,退市罗顿
600205,S山东铝
600190,退市锦港
600181,S*ST云大
600175,退市美都
600150,中国船舶
600146,退市环球
600145,退市新亿
600139,*ST西源
600122,*ST宏图
600112,*ST天成
600102,莱钢股份
600093,退市易见
600092,S*ST精密
600091,退市明科
600090,退市济堂
600087,退市长油
600086,退市金钰
600083,*ST博信
600077,*ST宋都
600074,退市保千
600070,*ST富润
600069,退市银鸽
600068,葛洲坝
600065,*ST联谊
600005,武钢股份
600003,ST东北高
600002,齐鲁石化
600001,邯郸钢铁
301517,陕西华达
300799,左江退
300742,越博退
300630,普利退
300526,中潜退
300495,*ST美尚
300431,暴风退
300392,腾信退
300372,欣泰退
300367,网力退
300362,天翔退
300356,光一退
300336,新文退
300330,计通退
300326,ST凯利
300325,德威退
300312,邦讯退
300309,吉艾退
300297,蓝盾退
300282,三盛退
300280,*ST紫天
300273,和佳退
300262,*ST巴安
300216,千山退
300208,中程退
300202,聚龙退
300186,大华农
300178,腾邦退
300156,神雾退
300117,*ST嘉寓
300116,*ST保力
300108,*ST吉药
300104,乐视退
300090,盛运退
300089,文化退
300064,金刚退
300038,数知退
300028,金亚退
300023,宝德退
002781,奇信退
002776,*ST柏龙
002770,科迪退
002751,易尚退
002750,龙津退
002740,*ST爱迪
002711,欧浦退
002699,*ST美盛
002684,猛狮退
002680,长生退
002665,ST航高
002621,*ST美吉
002619,*ST艾格
002618,丹邦退
002610,ST爱康
002604,龙力退
002509,天茂退
002505,鹏都农牧
002504,*ST弘高
002503,*ST搜特
002502,ST鼎龙
002499,科林退
002477,雏鹰退
002473,圣莱退
002464,众应退
002450,康得退
002447,晨鑫退
002435,ST长康
002433,太安退
002417,深南退
002411,必康退
002359,北讯退
002341,ST新纶
002336,人乐退
002325,*ST洪涛
002308,*ST威创
002288,*ST超华
002280,ST联络
002260,德奥退
002220,天宝退
002147,新光退
002143,印纪退
002118,*ST紫鑫
002113,*ST天润
002089,新海退
002087,新纺退
002071,长城退
002070,众和退
002018,华信退
002013,中航机电
002002,ST鸿达
000996,中期退
000982,中银绒业
000979,中弘退
000976,*ST华铁
000971,*ST高升
000961,ST中南
000956,中原油气
000939,凯迪退
000918,*ST嘉凯
000916,华北高速
000866,扬子石化
000861,海印股份
000836,ST富通
000835,长动退
000832,*ST龙涤
000827,*ST长兴
000817,辽河油田
000806,银河退
000805,*ST炎黄
000787,*ST创智
000780,ST平能
000769,*ST大菲
000765,*ST华信
000763,锦州石化
000760,斯太退
000748,长城信息
000732,ST泰禾
000730,*ST环保
000699,S*ST佳纸
000693,华泽退
000689,ST宏业
000687,华讯退
000675,ST银山
000673,当代退
000671,ST阳光城
000667,ST美置
000666,经纬纺机
000662,天夏退
000660,*ST南华
000658,ST海洋
000653,ST九州
000627,*ST天茂
000622,恒立退
000621,*ST比特
000618,吉林化工
000616,*ST海投
000613,东海A退
000611,天首退
000606,顺利退
000602,金马集团
000594,国恒退
000588,PT粤金曼
000587,*ST金洲
000585,东电退
000584,工智退
000583,S*ST托普
000578,盐湖集团
000569,长城股份
000562,宏源证券
000556,PT南洋
000549,S湘火炬
000542,TCL通讯
000540,*ST中天
000535,*ST猴王
000527,美的电器
000522,白云山A
000515,攀渝钛业
000511,烯碳退
000508,琼民源A
000502,绿景退
000418,小天鹅A
000416,*ST民控
000413,ST旭电
000412,ST五环
000406,石油大明
000405,ST鑫光
000150,*ST宜康
000047,ST中侨
000046,*ST泛海
000040,*ST旭蓝
000038,大通退
000033,新都退
000024,招商地产
000023,*ST深天
000018,神城A退
000015,PT中浩A
000013,*ST石化A
000005,ST星源
000003,PT金田A
